Siruta,Carne,Peste,LegumeFructe,Uleiuri,Lactate,Morarit,Panificatie
32768,,,,,,,
49153,,,,,,,
57350,0.0,0.0,0.0,0.0,100.0,0.0,0.0
90119,,,,,,,
73736,0.0,0.0,100.0,0.0,0.0,0.0,0.0
147465,0.0,0.0,0.0,0.0,0.0,0.0,100.0
155662,,,,,,,
139287,,,,,,,
114710,3.7267080745341614,0.0,0.0,0.0,0.9316770186335404,0.0,95.3416149068323
122908,0.0,0.0,0.0,0.0,0.0,0.0,100.0
131103,0.0,0.0,0.0,0.0,0.0,0.0,100.0
40991,,,,,,,
98337,,,,,,,
8229,,,,,,,
16427,,,,,,,
32811,,,,,,,
73772,,,,,,,
172082,0.0,0.0,0.0,0.0,0.0,0.0,100.0
49206,0.0,0.0,0.0,0.0,0.0,0.0,100.0
24631,,,,,,,
163903,,,,,,,
106559,28.143712574850298,0.0,0.0,0.0,5.9880239520958085,0.0,65.86826347305389
139330,30.0,0.0,0.0,0.0,0.0,0.0,70.0
81987,,,,,,,
98373,0.0,0.0,0.0,0.0,0.0,0.0,100.0
147526,0.0,0.0,0.0,0.0,0.0,3.669724770642202,96.3302752293578
16454,0.0,0.0,0.0,0.0,0.0,100.0,0.0
65609,7.142857142857143,0.0,0.0,0.0,0.0,0.0,92.85714285714286
122953,,,,,,,
41033,0.0,0.0,0.0,0.0,0.0,0.0,100.0
155724,,,,,,,
49233,,,,,,,
16472,0.0,0.0,0.0,0.0,0.0,0.0,100.0
139358,99.96468926553672,0.0,0.0,0.0,0.0,0.0,0.03531073446327684
90208,100.0,0.0,0.0,0.0,0.0,0.0,0.0
57449,,,,,,,
65645,,,,,,,
155760,0.0,0.0,0.0,0.0,0.0,54.285714285714285,45.714285714285715
32884,100.0,0.0,0.0,0.0,0.0,0.0,0.0
114809,45.22821576763486,0.0,0.2074688796680498,0.0,0.0,0.0,54.56431535269709
16506,0.0,0.0,0.0,0.0,0.0,0.0,100.0
172153,,,,,,,
73852,0.0,0.0,0.0,0.0,0.0,0.0,100.0
106620,0.0,0.0,0.0,0.0,0.0,0.0,100.0
163967,,,,,,,
82047,,,,,,,
147580,,,,,,,
41088,0.0,0.0,0.0,0.0,0.0,81.25,18.75
139394,,,,,,,
98435,0.0,0.0,0.0,0.0,0.0,0.0,100.0
123013,,,,,,,
24711,,,,,,,
131210,0.0,0.0,0.0,0.0,0.0,0.0,100.0
65681,0.0,0.0,3.2,0.0,0.0,0.0,96.8
90262,,,,,,,
155797,0.0,0.0,0.0,0.0,0.0,100.0,0.0
41113,0.0,0.0,100.0,0.0,0.0,0.0,0.0
106648,,,,,,,
49313,,,,,,,
8354,,,,,,,
16551,0.0,0.0,0.0,0.0,0.0,0.0,100.0
114854,0.0,0.0,3.125,0.0,0.0,0.0,96.875
65707,,,,,,,
73905,,,,,,,
147633,,,,,,,
131256,51.03305785123967,0.0,0.0,0.0,0.0,4.338842975206612,44.62809917355372
32955,,,,,,,
106684,82.88621646623497,0.0,0.0,0.0,0.0,0.0,17.113783533765034
24766,100.0,0.0,0.0,0.0,0.0,0.0,0.0
73923,0.0,0.0,0.0,0.0,0.0,76.92307692307692,23.076923076923077
155840,0.0,0.0,0.0,0.0,0.0,0.0,100.0
98505,0.0,0.0,0.0,0.0,0.0,100.0,0.0
131274,,,,,,,
57546,0.0,0.0,0.0,0.0,0.0,0.0,100.0
147660,0.0,0.0,0.0,0.0,78.57142857142857,0.0,21.428571428571427
41177,0.0,0.0,0.0,0.0,0.0,0.0,100.0
65752,,,,,,,
82136,100.0,0.0,0.0,0.0,0.0,0.0,0.0
164062,,,,,,,
123102,50.0,0.0,50.0,0.0,0.0,0.0,0.0
16613,,,,,,,
90342,,,,,,,
8425,0.0,0.0,0.0,0.0,0.0,0.0,100.0
114925,2.857142857142857,0.0,0.0,0.0,0.0,0.0,97.14285714285714
57582,0.0,0.0,0.0,0.0,94.11764705882354,0.0,5.882352941176471
172279,,,,,,,
33015,,,,,,,
106746,73.45971563981043,0.0,0.0,0.0,1.4218009478672986,0.0,25.118483412322274
147713,,,,,,,
24837,,,,,,,
155911,0.0,0.0,0.0,0.0,0.0,0.0,100.0
131336,0.0,0.0,0.0,0.0,0.0,0.0,100.0
73996,0.0,0.0,0.0,0.0,0.0,0.0,100.0
16659,,,,,,,
114970,,,,,,,
49439,0.0,0.0,0.0,0.0,0.0,100.0,0.0
106782,0.0,0.0,0.0,0.0,0.0,0.0,100.0
41248,,,,,,,
123175,,,,,,,
164133,0.0,0.0,0.0,0.0,0.0,0.0,100.0
98603,,,,,,,
57644,,,,,,,
74028,,,,,,,
65841,0.0,0.0,0.0,0.0,3.0303030303030303,9.090909090909092,87.87878787878788
172340,0.0,0.0,0.0,0.0,0.0,94.44444444444444,5.555555555555555
155957,,,,,,,
90431,,,,,,,
106817,0.0,0.0,3.225806451612903,0.0,3.225806451612903,0.0,93.54838709677419
82243,0.0,0.0,0.0,0.0,0.0,0.0,100.0
41284,0.0,0.0,0.0,0.0,100.0,0.0,0.0
147786,0.0,0.0,0.0,0.0,0.0,100.0,0.0
49484,,,,,,,
65869,,,,,,,
131407,97.1576227390181,0.0,0.0,0.0,0.0,0.0,2.842377260981912
74073,,,,,,,
98649,,,,,,,
172377,,,,,,,
123228,,,,,,,
33122,,,,,,,
16739,,,,,,,
164197,,,,,,,
57706,80.75117370892019,0.0,0.0,0.0,0.9389671361502347,0.0,18.309859154929576
131443,0.0,0.0,0.0,0.0,0.0,0.0,100.0
16757,,,,,,,
123255,,,,,,,
98685,0.0,0.0,9.090909090909092,0.0,0.0,90.9090909090909,0.0
74108,,,,,,,
65921,8.24742268041237,0.0,0.0,0.0,0.0,0.0,91.75257731958763
156035,,,,,,,
41346,,,,,,,
115076,,,,,,,
131461,,,,,,,
49545,0.0,0.0,0.0,0.0,100.0,0.0,0.0
82314,,,,,,,
57742,0.0,0.0,0.0,0.0,0.0,0.0,100.0
74135,,,,,,,
33177,,,,,,,
41382,0.0,0.0,0.0,0.0,0.0,0.0,100.0
24999,0.0,0.0,0.0,0.0,0.0,100.0,0.0
90538,0.0,0.0,0.0,0.0,0.0,0.0,100.0
172457,0.0,0.0,0.0,0.0,0.0,0.0,100.0
147884,,,,,,,
33202,0.0,0.0,0.0,0.0,0.0,0.0,100.0
98738,,,,,,,
164277,,,,,,,
74171,,,,,,,
139704,3.658536585365854,0.0,8.94308943089431,0.0,6.9105691056910565,0.4065040650406504,80.08130081300813
156106,0.0,0.0,0.0,0.0,0.0,0.0,100.0
41417,0.0,0.0,0.0,0.0,0.0,0.0,100.0
115147,0.0,0.0,0.0,0.0,0.0,0.0,100.0
131540,85.96491228070175,0.0,0.0,0.0,0.0,0.0,14.035087719298245
98774,0.0,0.0,0.0,0.0,0.0,0.0,100.0
66009,100.0,0.0,0.0,0.0,0.0,0.0,0.0
49625,0.0,0.0,0.0,0.0,0.0,0.0,100.0
82396,,,,,,,
139740,,,,,,,
172509,,,,,,,
33248,0.0,0.0,0.0,0.0,0.0,34.883720930232556,65.11627906976744
106979,10.204081632653061,0.0,0.0,0.0,0.0,0.0,89.79591836734694
147937,0.0,0.0,0.0,0.0,0.0,5.405405405405405,94.5945945945946
57831,,,,,,,
123371,0.0,0.0,0.0,0.0,100.0,0.0,0.0
49643,,,,,,,
25068,0.0,0.0,0.0,0.0,0.0,100.0,0.0
115183,,,,,,,
74224,,,,,,,
164339,,,,,,,
156151,,,,,,,
107001,100.0,0.0,0.0,0.0,0.0,0.0,0.0
33275,0.0,0.0,0.0,0.0,0.0,0.0,100.0
131577,0.0,0.0,0.0,0.0,100.0,0.0,0.0
41471,0.0,0.0,0.0,0.0,0.0,0.0,100.0
82430,,,,,,,
74242,,,,,,,
98827,,,,,,,
16908,0.0,0.0,0.0,0.0,0.0,0.0,100.0
66081,0.0,0.0,0.0,0.0,0.0,0.0,100.0
123424,,,,,,,
139811,0.0,0.0,0.0,0.0,0.0,22.22222222222222,77.77777777777777
148006,0.0,0.0,0.0,0.0,0.0,0.0,100.0
115236,0.0,0.0,0.0,0.0,0.0,100.0,0.0
90663,,,,,,,
107047,,,,,,,
131620,0.49019607843137253,0.0,0.0,0.0,0.0,77.20588235294117,22.30392156862745
172581,,,,,,,
164393,0.0,0.0,0.0,0.0,0.0,66.66666666666667,33.333333333333336
57902,88.88888888888889,0.0,0.0,0.0,1.1111111111111112,1.1111111111111112,8.88888888888889
16944,,,,,,,
156213,0.0,0.0,0.0,0.0,100.0,0.0,0.0
33337,,,,,,,
25148,0.0,0.0,0.0,0.0,0.0,0.0,100.0
41541,,,,,,,
107083,,,,,,,
74322,,,,,,,
33364,,,,,,,
123479,0.0,0.0,0.0,0.0,0.0,50.0,50.0
57948,,,,,,,
156259,0.0,0.0,0.0,0.0,0.0,0.0,100.0
90725,,,,,,,
98916,0.0,0.0,0.0,0.0,0.0,100.0,0.0
33382,,,,,,,
49769,,,,,,,
66152,,,,,,,
41578,,,,,,,
115307,,,,,,,
139884,5.970149253731344,0.0,0.0,0.0,17.91044776119403,0.0,76.11940298507463
107118,,,,,,,
74359,0.0,0.0,0.0,0.0,0.0,100.0,0.0
156277,0.0,0.0,0.0,0.0,0.0,100.0,0.0
8826,0.0,0.0,0.0,0.0,0.0,4.545454545454546,95.45454545454545
82555,0.0,0.0,0.0,0.0,0.0,0.0,100.0
123521,,,,,,,
148097,0.0,0.0,0.0,0.0,95.0,5.0,0.0
25228,0.0,0.0,0.0,0.0,0.0,100.0,0.0
107154,0.0,0.0,0.0,0.0,0.0,0.0,100.0
41621,96.15952732644018,0.0,0.0,0.0,0.0,0.0,3.8404726735598227
156311,0.0,0.0,0.0,0.0,0.0,0.0,100.0
66198,0.0,0.0,0.0,0.0,0.0,100.0,0.0
58008,,,,,,,
172698,,,,,,,
17049,,,,,,,
33435,0.0,0.0,0.0,0.0,100.0,0.0,0.0
148131,0.0,0.0,0.0,0.0,0.0,0.0,100.0
139937,,,,,,,
74411,,,,,,,
66223,,,,,,,
90805,,,,,,,
98998,0.0,0.0,0.0,0.0,0.0,100.0,0.0
107190,,,,,,,
82617,,,,,,,
49849,0.0,0.0,0.0,100.0,0.0,0.0,0.0
115389,0.0,0.0,0.0,0.0,7.6923076923076925,0.0,92.3076923076923
164543,,,,,,,
41667,0.0,0.0,0.0,0.0,0.0,0.0,100.0
156357,0.0,0.0,0.0,0.0,0.0,0.0,100.0
25291,,,,,,,
139982,,,,,,,
17101,,,,,,,
123601,0.0,0.0,0.0,0.0,0.0,0.0,100.0
107234,,,,,,,
41701,0.0,0.0,0.0,0.0,0.0,0.0,100.0
49894,100.0,0.0,0.0,0.0,0.0,0.0,0.0
148202,0.0,0.0,0.0,0.0,99.57173447537473,0.0,0.4282655246252677
33514,,,,,,,
131817,0.0,0.0,0.0,0.0,0.0,0.6172839506172839,99.38271604938272
99058,,,,,,,
164598,,,,,,,
82680,,,,,,,
131835,0.0,0.0,0.0,0.0,0.0,100.0,0.0
90878,,,,,,,
33541,0.0,0.0,0.0,0.0,0.0,0.0,100.0
107270,,,,,,,
41738,,,,,,,
74509,,,,,,,
172812,,,,,,,
25362,,,,,,,
156437,,,,,,,
66330,,,,,,,
123674,0.0,0.0,0.0,0.0,0.0,12.5,87.5
99101,,,,,,,
58142,0.0,0.0,0.0,0.0,67.34693877551021,0.0,32.6530612244898
49956,,,,,,,
74536,,,,,,,
82733,,,,,,,
107314,0.0,0.0,0.0,0.0,100.0,0.0,0.0
140084,,,,,,,
17209,,,,,,,
131899,,,,,,,
9019,,,,,,,
74554,,,,,,,
156473,0.0,0.0,0.0,0.0,0.0,0.0,100.0
123709,,,,,,,
115520,0.0,0.0,0.0,0.0,0.0,0.0,100.0
9026,0.0,0.0,0.0,0.0,0.0,0.0,100.0
33603,0.0,0.0,0.0,0.0,68.25396825396825,0.0,31.746031746031747
148293,0.0,0.0,85.71428571428571,0.0,0.0,0.0,14.285714285714286
164687,,,,,,,
74581,0.0,0.0,0.0,0.0,0.0,0.0,100.0
33621,0.0,0.0,0.0,0.0,0.0,0.0,100.0
107350,0.0,0.0,0.0,0.0,21.428571428571427,0.0,78.57142857142857
41818,0.0,0.0,0.0,0.0,100.0,0.0,0.0
82779,,,,,,,
58204,,,,,,,
99165,,,,,,,
172894,,,,,,,
131933,0.0,0.0,0.0,0.0,0.0,0.0,100.0
66401,,,,,,,
17254,,,,,,,
50022,0.0,0.0,0.0,0.0,11.11111111111111,0.0,88.88888888888889
148328,,,,,,,
140146,,,,,,,
90994,,,,,,,
156534,,,,,,,
115575,,,,,,,
74616,0.0,0.0,0.0,0.0,0.0,0.0,100.0
33658,0.0,0.0,100.0,0.0,0.0,0.0,0.0
41854,,,,,,,
66438,,,,,,,
99209,,,,,,,
107403,0.0,0.0,0.0,0.0,0.0,0.0,100.0
82831,0.0,0.0,0.0,0.0,0.0,0.0,100.0
123790,0.0,0.0,0.0,0.0,0.0,0.0,100.0
164749,,,,,,,
25488,,,,,,,
115600,,,,,,,
172947,,,,,,,
58259,0.0,0.0,0.0,0.0,0.0,0.0,100.0
50068,,,,,,,
131988,,,,,,,
148382,,,,,,,
107430,0.0,0.0,0.0,0.0,100.0,0.0,0.0
132011,,,,,,,
66474,0.0,0.0,0.0,0.0,0.0,0.0,100.0
91054,0.0,0.0,0.0,0.0,0.0,0.0,100.0
156589,,,,,,,
25521,,,,,,,
140208,,,,,,,
115637,0.0,0.0,0.0,0.0,0.0,0.0,100.0
17334,,,,,,,
50102,0.0,0.0,2.803738317757009,0.0,0.0,0.0,97.19626168224299
33729,,,,,,,
172992,0.0,0.0,0.0,0.0,0.0,100.0,0.0
41925,0.0,0.0,0.0,0.0,0.0,54.54545454545455,45.45454545454545
58311,0.0,0.0,16.666666666666668,16.666666666666668,0.0,16.666666666666668,50.0
148426,87.17948717948718,0.0,0.0,0.0,0.0,5.128205128205129,7.6923076923076925
156623,,,,,,,
82895,0.0,0.0,0.0,0.0,0.0,0.0,100.0
74705,,,,,,,
140244,,,,,,,
41943,,,,,,,
99290,,,,,,,
107485,0.0,0.0,0.0,0.0,0.0,0.0,100.0
66526,0.0,0.0,40.0,0.0,0.0,20.0,40.0
164829,,,,,,,
33765,,,,,,,
148453,,,,,,,
132075,96.42857142857143,0.0,0.0,0.0,0.0,3.5714285714285716,0.0
74732,,,,,,,
91116,100.0,0.0,0.0,0.0,0.0,0.0,0.0
58357,,,,,,,
17398,,,,,,,
1017,48.704663212435236,12.564766839378239,0.38860103626943004,0.0,0.38860103626943004,0.0,37.95336787564767
140280,0.0,0.0,100.0,0.0,0.0,0.0,0.0
115708,0.0,0.0,0.0,0.0,0.0,100.0,0.0
107519,0.0,0.0,0.0,0.0,0.0,0.0,100.0
74750,,,,,,,
156669,,,,,,,
173061,,,,,,,
123914,,,,,,,
17423,,,,,,,
42003,0.0,0.0,0.0,0.0,0.0,0.0,100.0
66580,0.0,0.0,0.0,0.0,0.0,0.0,100.0
58393,0.0,0.0,100.0,0.0,0.0,0.0,0.0
107546,,,,,,,
25629,,,,,,,
164892,,,,,,,
148514,100.0,0.0,0.0,0.0,0.0,0.0,0.0
140324,,,,,,,
156712,0.0,0.0,0.0,0.0,0.0,0.0,100.0
99370,0.0,0.0,0.0,0.0,100.0,0.0,0.0
132137,,,,,,,
9262,56.709741550695824,0.0,3.1809145129224654,0.0,0.8946322067594433,2.2365805168986084,36.97813121272366
1071,100.0,0.0,0.0,0.0,0.0,0.0,0.0
50228,0.0,0.0,100.0,0.0,0.0,0.0,0.0
33845,0.0,0.0,0.0,0.0,100.0,0.0,0.0
115771,,,,,,,
107582,0.0,0.0,0.0,0.0,100.0,0.0,0.0
9280,0.0,0.0,0.0,0.0,0.0,0.0,100.0
123969,,,,,,,
132164,,,,,,,
42058,,,,,,,
164936,0.0,0.0,0.0,14.285714285714286,0.0,0.0,85.71428571428571
173132,,,,,,,
17496,0.0,0.0,0.0,0.0,0.0,0.0,100.0
33881,0.0,0.0,0.0,0.0,40.0,0.0,60.0
140379,0.0,0.0,0.0,0.0,13.043478260869565,86.95652173913044,0.0
74842,,,,,,,
25692,0.0,0.0,0.0,0.0,0.0,0.0,100.0
42076,0.0,0.0,0.0,0.0,100.0,0.0,0.0
156767,,,,,,,
58464,,,,,,,
91232,,,,,,,
74859,0.0,0.0,0.0,0.0,96.3076923076923,0.0,3.6923076923076925
99441,,,,,,,
115824,,,,,,,
74867,0.0,0.0,0.0,0.0,0.0,100.0,0.0
9333,,,,,,,
42101,94.57364341085271,0.0,0.0,0.0,1.550387596899225,0.0,3.875968992248062
164981,0.0,0.0,0.0,0.0,0.0,0.0,100.0
74875,,,,,,,
124028,,,,,,,
1151,0.0,0.0,0.0,0.0,0.0,0.0,100.0
132226,,,,,,,
74883,,,,,,,
156801,0.0,0.0,0.0,0.0,93.93939393939394,0.0,6.0606060606060606
148612,,,,,,,
66697,,,,,,,
74891,,,,,,,
115851,0.0,0.0,37.03703703703704,0.0,35.18518518518518,0.0,27.77777777777778
107662,0.0,0.0,0.0,0.0,100.0,0.0,0.0
9360,0.0,0.0,0.0,0.0,0.0,0.0,100.0
25745,,,,,,,
50326,,,,,,,
99478,,,,,,,
74907,,,,,,,
140440,0.0,0.0,0.0,0.0,0.0,0.0,100.0
33952,0.0,0.0,0.0,0.0,100.0,0.0,0.0
74915,,,,,,,
58534,,,,,,,
17575,0.0,0.0,0.0,0.0,0.0,0.0,100.0
124073,,,,,,,
66731,0.0,0.0,0.0,0.0,0.0,100.0,0.0
74923,,,,,,,
42156,,,,,,,
173230,0.0,0.0,0.0,0.0,0.0,0.0,100.0
132271,,,,,,,
74931,,,,,,,
9397,0.0,0.0,0.0,0.0,0.0,0.0,100.0
58552,,,,,,,
115897,0.0,0.0,0.0,0.0,0.0,0.0,100.0
148667,0.0,0.0,0.0,0.0,0.0,0.0,100.0
83133,4.195804195804196,0.0,20.27972027972028,0.0,28.67132867132867,0.0,46.85314685314685
1213,13.72549019607843,0.0,0.0,1.9607843137254901,9.803921568627452,29.41176470588235,45.09803921568628
140477,,,,,,,
107715,,,,,,,
91330,,,,,,,
74949,,,,,,,
33989,,,,,,,
42183,0.0,0.0,0.0,0.0,100.0,0.0,0.0
74956,0.0,0.0,0.0,0.0,0.0,0.0,100.0
83151,0.0,0.0,0.0,0.0,100.0,0.0,0.0
165069,,,,,,,
66768,,,,,,,
99539,,,,,,,
17619,,,,,,,
107733,0.0,0.0,0.0,0.0,0.0,0.0,100.0
124117,,,,,,,
148694,0.0,0.0,0.0,0.0,0.0,23.80952380952381,76.19047619047619
140501,0.0,0.0,0.0,0.0,0.0,0.0,100.0
132315,0.0,0.0,0.0,0.0,0.0,0.0,100.0
50399,0.0,0.0,0.0,0.0,0.0,100.0,0.0
25825,0.0,0.0,0.0,0.0,0.0,0.0,100.0
50415,100.0,0.0,0.0,0.0,0.0,0.0,0.0
9459,0.0,0.0,0.0,0.0,0.0,0.0,100.0
132342,,,,,,,
115959,0.0,0.0,0.0,0.0,0.0,0.0,100.0
124153,,,,,,,
148729,0.0,0.0,0.0,0.0,0.0,0.0,100.0
42236,0.0,0.0,0.0,0.0,0.0,0.0,100.0
83197,,,,,,,
156927,,,,,,,
58623,,,,,,,
140547,0.0,0.0,0.0,0.0,0.0,0.0,100.0
25861,100.0,0.0,0.0,0.0,0.0,0.0,0.0
165130,,,,,,,
99600,0.0,0.0,0.0,0.0,0.0,100.0,0.0
9495,0.0,0.0,88.67924528301887,0.0,0.0,0.0,11.320754716981131
132379,,,,,,,
34075,0.0,0.0,0.0,0.0,0.0,100.0,0.0
148765,0.0,0.0,0.0,0.0,100.0,0.0,0.0
140583,,,,,,,
66857,0.0,0.0,0.0,0.0,0.0,0.0,100.0
50479,0.0,0.0,0.0,50.0,0.0,50.0,0.0
124206,0.0,0.0,0.0,0.0,0.0,0.0,100.0
91447,,,,,,,
132404,0.0,0.0,0.0,0.0,12.5,0.0,87.5
173374,,,,,,,
17726,,,,,,,
9538,0.0,0.0,0.0,0.0,0.0,0.0,100.0
42307,,,,,,,
165185,,,,,,,
1348,35.75949367088607,0.0,0.0,0.0,20.253164556962027,1.2658227848101267,42.721518987341774
124233,,,,,,,
25932,,,,,,,
157004,,,,,,,
116046,,,,,,,
140627,0.0,0.0,0.0,0.0,0.0,100.0,0.0
99673,,,,,,,
75098,8.677248677248677,0.0,0.0,30.317460317460316,9.682539682539682,2.751322751322751,48.57142857142857
107868,0.0,0.0,0.0,0.0,0.0,0.0,100.0
58721,,,,,,,
157031,,,,,,,
9574,0.0,0.0,0.0,0.0,0.0,0.0,100.0
132459,,,,,,,
17771,,,,,,,
34155,,,,,,,
75114,0.0,0.0,0.0,0.0,0.0,0.0,100.0
50549,,,,,,,
83320,10.06711409395973,0.0,0.33557046979865773,0.0,22.818791946308725,0.16778523489932887,66.61073825503355
34173,,,,,,,
140672,,,,,,,
50564,,,,,,,
132486,,,,,,,
66955,,,,,,,
148872,0.0,0.0,0.0,0.0,100.0,0.0,0.0
91535,,,,,,,
75150,58.63309352517986,0.0,0.0,0.0,0.0,0.7194244604316546,40.64748201438849
107920,0.0,0.0,0.0,0.0,0.0,0.0,100.0
165274,,,,,,,
9627,0.0,0.0,0.0,0.0,0.0,100.0,0.0
132510,48.62385321100918,0.0,38.53211009174312,0.0,0.0,12.844036697247706,0.0
157086,95.31772575250837,0.0,0.0,0.0,0.0,0.0,4.682274247491639
42398,,,,,,,
116126,,,,,,,
17824,100.0,0.0,0.0,0.0,0.0,0.0,0.0
58794,,,,,,,
124331,,,,,,,
26029,,,,,,,
83375,,,,,,,
1455,8.064516129032258,0.0,0.0,0.0,0.0,0.0,91.93548387096774
9654,0.0,0.9302325581395349,0.0,0.0,1.8604651162790697,0.0,97.20930232558139
148916,0.0,0.0,0.0,0.0,0.0,0.0,100.0
17851,0.0,0.0,0.0,0.0,0.0,0.0,100.0
34235,,,,,,,
75203,11.746031746031745,0.0,0.31746031746031744,0.9523809523809523,5.079365079365079,3.8095238095238093,78.0952380952381
99780,,,,,,,
107975,0.0,0.0,12.5,0.0,0.0,0.0,87.5
67014,0.0,0.0,0.0,0.0,0.0,0.0,100.0
116171,,,,,,,
42449,,,,,,,
75221,0.0,0.0,0.0,100.0,0.0,0.0,0.0
34262,0.0,0.0,0.0,0.0,0.0,0.0,100.0
42456,,,,,,,
9690,8.0,0.0,0.0,0.0,0.0,0.0,92.0
165336,,,,,,,
132574,,,,,,,
173533,100.0,0.0,0.0,0.0,0.0,0.0,0.0
42464,0.0,0.0,0.0,0.0,0.0,0.0,100.0
140770,0.0,0.0,0.0,0.0,0.0,0.0,100.0
26083,,,,,,,
83428,0.0,0.0,0.0,0.0,0.0,0.0,100.0
34280,0.0,0.0,0.0,0.0,100.0,0.0,0.0
42472,,,,,,,
58856,,,,,,,
148970,,,,,,,
91624,,,,,,,
42480,0.0,0.0,72.72727272727273,0.0,27.272727272727273,0.0,0.0
108017,0.0,0.0,0.0,0.0,0.0,0.0,100.0
17913,,,,,,,
124411,0.0,0.0,0.0,0.0,0.0,100.0,0.0
75258,0.0,0.0,0.0,0.0,0.0,100.0,0.0
116224,,,,,,,
42498,,,,,,,
108035,0.0,0.0,0.0,0.0,0.0,0.0,100.0
26118,0.0,0.0,0.0,0.0,0.0,100.0,0.0
83464,40.65934065934066,0.0,0.0,0.0,0.0,0.0,59.34065934065934
157193,,,,,,,
9743,0.0,0.0,0.0,0.0,100.0,0.0,0.0
140823,100.0,0.0,0.0,0.0,0.0,0.0,0.0
34333,0.0,0.0,0.0,0.0,0.0,0.0,100.0
173597,,,,,,,
83491,0.0,0.0,0.0,0.0,0.0,0.0,100.0
58918,0.0,0.0,0.0,0.0,0.0,0.0,100.0
99879,,,,,,,
132645,,,,,,,
91688,,,,,,,
165416,,,,,,,
17968,,,,,,,
67121,,,,,,,
34360,0.0,0.0,0.0,0.0,0.0,0.0,100.0
149049,0.0,0.0,0.0,0.0,76.5625,0.0,23.4375
157246,0.0,0.0,0.0,0.0,0.0,0.0,100.0
116288,,,,,,,
83525,46.59090909090909,0.0,0.0,0.0,38.63636363636363,0.0,14.772727272727273
9798,0.0,0.0,0.0,0.0,0.0,0.0,100.0
140869,,,,,,,
75338,0.0,0.0,0.0,0.0,0.0,100.0,0.0
108106,0.0,0.0,0.0,0.0,0.0,80.0,20.0
132681,0.0,0.0,0.0,0.0,71.42857142857143,28.571428571428573,0.0
124493,,,,,,,
91731,,,,,,,
99922,,,,,,,
157273,0.0,0.0,0.0,0.0,0.0,0.0,100.0
165470,,,,,,,
34397,,,,,,,
75356,,,,,,,
67167,,,,,,,
50790,59.25507900677201,0.0,0.33860045146726864,0.0,0.0,0.0,40.40632054176072
9832,0.0,0.0,0.0,0.0,0.0,0.0,100.0
83561,52.94117647058823,0.0,0.32679738562091504,0.0,0.0,0.0,46.73202614379085
18028,0.0,0.0,0.0,0.0,0.0,5.882352941176471,94.11764705882354
58990,0.0,0.0,0.0,0.0,0.0,0.0,100.0
132716,0.0,0.0,0.0,0.0,0.0,0.0,100.0
149101,87.56218905472637,0.0,0.0,0.0,12.437810945273633,0.0,0.0
173686,,,,,,,
116340,,,,,,,
34422,,,,,,,
108151,0.0,0.0,0.0,0.0,40.0,0.0,60.0
99968,0.0,0.0,0.0,0.0,0.0,100.0,0.0
157317,100.0,0.0,0.0,0.0,0.0,0.0,0.0
149138,0.0,0.0,0.0,0.0,0.0,0.0,100.0
91795,0.0,0.0,0.0,0.0,0.0,0.0,100.0
124563,,,,,,,
132752,,,,,,,
140958,0.0,0.0,0.0,0.0,0.0,0.0,100.0
9887,,,,,,,
1696,98.88793840889649,0.0,0.0,0.0,0.0,0.0,1.1120615911035072
59041,0.0,0.0,0.0,0.0,0.0,0.0,100.0
100004,,,,,,,
116395,0.0,0.0,0.0,0.0,0.0,0.0,100.0
34477,,,,,,,
108204,0.0,0.0,0.0,0.0,0.0,0.0,100.0
157362,,,,,,,
26289,0.0,0.0,0.0,0.0,0.0,0.0,100.0
83632,41.666666666666664,0.0,0.0,0.0,0.0,0.0,58.333333333333336
173748,0.0,0.0,0.0,0.0,0.0,100.0,0.0
67256,0.0,0.0,0.0,0.0,0.0,100.0,0.0
42682,16.363636363636363,0.0,6.0606060606060606,0.0,6.666666666666667,4.545454545454546,66.36363636363636
149183,,,,,,,
108222,,,,,,,
132805,0.0,0.0,0.0,0.0,0.0,0.0,100.0
50889,0.0,0.0,0.0,0.0,0.0,0.0,100.0
124616,,,,,,,
9930,,,,,,,
26320,0.0,0.0,0.0,0.0,0.0,0.0,100.0
75472,,,,,,,
108240,,,,,,,
42708,0.0,0.0,0.0,0.0,0.0,4.938271604938271,95.06172839506173
116439,,,,,,,
124634,0.0,0.0,0.0,0.0,0.0,0.0,100.0
67292,,,,,,,
141027,,,,,,,
26338,,,,,,,
173793,0.0,0.0,0.0,0.0,0.0,0.0,100.0
149227,0.0,0.0,0.0,0.0,25.0,75.0,0.0
165611,,,,,,,
26346,,,,,,,
50923,,,,,,,
132841,,,,,,,
108268,,,,,,,
26353,,,,,,,
18162,,,,,,,
157424,,,,,,,
34547,,,,,,,
124661,75.0,0.0,0.0,0.0,0.0,25.0,0.0
100086,0.0,0.0,0.0,0.0,0.0,100.0,0.0
26361,,,,,,,
59130,,,,,,,
75515,0.0,0.0,0.0,0.0,0.0,25.0,75.0
67327,0.0,0.0,0.0,0.0,0.0,0.0,100.0
42753,0.0,0.0,0.0,0.0,14.285714285714286,0.0,85.71428571428571
1794,1.7241379310344827,0.0,0.0,0.0,0.0,45.689655172413794,52.58620689655172
157451,,,,,,,
26379,,,,,,,
116493,,,,,,,
42771,,,,,,,
10006,0.0,0.0,0.0,0.0,0.0,0.0,100.0
75542,,,,,,,
50969,88.57142857142857,0.0,0.0,0.0,0.0,0.0,11.428571428571429
141081,,,,,,,
173855,,,,,,,
91937,,,,,,,
132896,,,,,,,
83749,0.0,0.0,0.0,0.0,13.636363636363637,0.0,86.36363636363636
149290,0.0,0.0,0.0,0.0,0.0,0.0,100.0
50987,,,,,,,
124723,100.0,0.0,0.0,0.0,0.0,0.0,0.0
100148,,,,,,,
34618,,,,,,,
157497,82.27848101265823,0.0,0.0,0.0,0.0,17.72151898734177,0.0
108348,0.0,0.0,0.0,5.555555555555555,0.0,0.0,94.44444444444444
116545,,,,,,,
18242,,,,,,,
51010,11.475409836065573,0.0,0.0,0.0,0.0,0.0,88.52459016393442
10051,,,,,,,
149316,0.0,0.0,0.0,0.0,90.0,0.0,10.0
42824,,,,,,,
83785,0.0,0.0,0.0,0.0,0.0,0.0,100.0
141134,0.0,0.0,0.0,0.0,0.0,0.0,100.0
67407,,,,,,,
91982,,,,,,,
108366,,,,,,,
124750,,,,,,,
1874,0.3629764065335753,0.0,0.5444646098003629,0.0,85.2994555353902,0.0,13.793103448275861
34645,,,,,,,
165719,,,,,,,
157530,0.0,0.0,0.0,100.0,0.0,0.0,0.0
42842,,,,,,,
75613,,,,,,,
59238,,,,,,,
173935,0.0,0.0,0.0,0.0,0.0,0.0,100.0
116590,,,,,,,
51056,22.857142857142858,0.0,0.0,0.0,0.0,0.0,77.14285714285714
108400,68.0,0.0,0.0,0.0,32.0,0.0,0.0
10104,,,,,,,
149370,,,,,,,
100219,,,,,,,
34690,0.0,0.0,0.0,0.0,0.0,100.0,0.0
124803,,,,,,,
83847,0.0,0.0,100.0,0.0,0.0,0.0,0.0
67470,,,,,,,
1936,0.0,0.0,0.0,0.0,0.0,0.0,100.0
59283,0.0,0.0,0.0,0.0,0.0,0.0,100.0
157585,,,,,,,
75668,,,,,,,
133018,0.0,0.0,0.0,0.0,50.0,50.0,0.0
18331,,,,,,,
42913,,,,,,,
149414,0.0,0.0,0.0,0.0,0.0,0.0,100.0
108455,0.0,0.0,0.0,0.0,0.0,0.0,100.0
75686,,,,,,,
116652,0.0,0.0,0.0,0.0,0.0,0.0,100.0
51118,3.125,0.0,0.0,0.0,42.708333333333336,0.0,54.166666666666664
100273,,,,,,,
124849,0.0,0.0,0.0,0.0,100.0,0.0,0.0
141232,,,,,,,
108473,0.0,0.0,0.0,0.0,0.0,0.0,100.0
100282,,,,,,,
165817,,,,,,,
75711,,,,,,,
59327,0.0,0.0,0.0,0.0,0.0,0.0,100.0
92097,,,,,,,
67522,,,,,,,
26564,29.022082018927446,0.0,0.0,0.23659305993690852,0.15772870662460567,1.1041009463722398,69.4794952681388
174021,0.0,0.0,50.0,0.0,0.0,0.0,50.0
108491,,,,,,,
34770,,,,,,,
10195,,,,,,,
124885,,,,,,,
100308,0.0,0.0,0.0,0.0,0.0,100.0,0.0
26582,0.0,0.0,0.0,3.9215686274509802,3.9215686274509802,0.0,92.15686274509804
42968,,,,,,,
100317,,,,,,,
133090,,,,,,,
83936,,,,,,,
100326,0.0,0.0,0.0,0.0,100.0,0.0,0.0
18411,0.0,0.0,0.0,0.0,0.0,0.0,100.0
100335,100.0,0.0,0.0,0.0,0.0,0.0,0.0
157683,0.0,0.0,0.0,0.0,100.0,0.0,0.0
116723,0.0,0.0,0.0,0.0,100.0,0.0,0.0
75766,,,,,,,
100344,,,,,,,
83963,,,,,,,
149502,,,,,,,
10239,,,,,,,
100353,0.0,0.0,0.0,0.0,0.0,0.0,100.0
141312,,,,,,,
51207,2.7027027027027026,0.0,0.0,0.0,0.0,0.0,97.29729729729729
174085,,,,,,,
108552,,,,,,,
165899,,,,,,,
67595,0.0,0.0,0.0,0.0,0.0,0.0,100.0
43019,0.0,0.0,0.0,0.0,80.0,20.0,0.0
100362,,,,,,,
124938,,,,,,,
83981,0.0,0.0,50.0,0.0,0.0,0.0,50.0
92177,0.0,0.0,0.0,0.0,0.0,0.0,100.0
59416,0.0,0.0,0.0,0.0,0.0,5.555555555555555,94.44444444444444
26653,0.0,0.0,0.0,0.0,0.0,38.888888888888886,61.111111111111114
149539,0.0,0.0,0.0,0.0,0.0,0.0,100.0
34850,0.0,0.0,0.0,0.0,0.0,0.0,100.0
59434,,,,,,,
75819,,,,,,,
157736,,,,,,,
18475,,,,,,,
51243,,,,,,,
133161,87.46006389776358,0.0,11.661341853035143,0.0,0.0,0.0,0.8785942492012779
10293,0.0,0.0,0.0,0.0,0.0,0.0,100.0
108598,,,,,,,
116796,0.0,100.0,0.0,0.0,0.0,0.0,0.0
43073,,,,,,,
67648,,,,,,,
141376,0.0,0.0,0.0,0.0,0.0,0.0,100.0
108614,,,,,,,
26699,10.344827586206897,0.0,13.793103448275861,0.0,0.0,0.0,75.86206896551724
174156,0.0,0.0,0.0,0.0,0.0,0.0,100.0
2130,,,,,,,
149584,,,,,,,
34903,0.0,0.0,0.0,0.0,0.0,0.0,100.0
157781,,,,,,,
75864,,,,,,,
108632,0.0,0.0,0.0,0.0,0.0,0.0,100.0
125016,,,,,,,
165979,,,,,,,
67675,0.0,0.0,0.0,0.0,0.0,0.0,100.0
133214,100.0,0.0,0.0,0.0,0.0,0.0,0.0
18527,75.0,0.0,0.0,0.0,0.0,2.5,22.5
51305,0.0,0.0,0.0,0.0,0.0,0.0,100.0
10346,,,,,,,
59498,,,,,,,
43117,,,,,,,
26742,0.0,0.0,100.0,0.0,0.0,0.0,0.0
84086,,,,,,,
18554,,,,,,,
108669,0.0,0.0,0.0,0.0,0.0,0.0,100.0
116867,0.0,0.0,0.0,0.0,0.0,0.0,100.0
51332,,,,,,,
125061,,,,,,,
10373,,,,,,,
141447,0.0,0.0,0.0,0.0,0.0,0.0,100.0
84102,,,,,,,
157834,4.081632653061225,0.0,0.0,0.0,0.0,0.0,95.91836734693878
174218,0.0,0.0,0.0,0.0,100.0,0.0,0.0
75917,,,,,,,
18581,0.0,0.0,0.0,0.0,0.0,0.0,100.0
149655,,,,,,,
67737,0.0,0.0,0.0,0.0,0.0,0.0,100.0
108696,0.0,0.0,0.0,0.0,0.0,0.0,100.0
133278,0.0,0.0,0.0,0.0,0.0,0.0,100.0
100521,0.0,0.0,0.0,7.5,40.0,1.5,51.0
34985,0.0,0.0,0.0,0.0,100.0,0.0,0.0
108712,0.0,0.0,0.0,0.0,100.0,0.0,0.0
125098,,,,,,,
166057,,,,,,,
43180,0.0,0.0,0.0,0.0,100.0,0.0,0.0
174254,0.0,0.0,0.0,0.0,0.0,0.0,100.0
75953,0.0,0.0,0.0,60.0,0.0,40.0,0.0
125105,,,,,,,
149682,,,,,,,
10417,,,,,,,
26804,0.0,0.0,3.8461538461538463,0.0,0.0,0.0,96.15384615384616
84148,0.0,0.0,0.0,0.0,0.0,0.0,100.0
51387,,,,,,,
125114,,,,,,,
67773,0.0,0.0,0.0,0.0,0.0,0.0,100.0
59586,0.0,0.0,0.0,0.0,16.666666666666668,0.0,83.33333333333333
125123,0.0,0.0,0.0,0.0,0.0,100.0,0.0
100549,,,,,,,
157898,,,,,,,
116938,0.0,0.0,0.0,0.0,0.0,0.0,100.0
125132,,,,,,,
84175,0.0,0.0,0.0,0.0,0.0,0.0,100.0
133330,0.0,0.0,0.0,0.0,0.0,33.333333333333336,66.66666666666667
174290,,,,,,,
125141,,,,,,,
10453,,,,,,,
26840,0.0,0.0,0.0,0.0,0.0,0.0,100.0
141535,,,,,,,
125150,,,,,,,
100576,67.22925457102673,0.0,0.0,0.0,0.0,9.985935302390999,22.78481012658228
157923,0.0,0.0,0.0,0.0,0.0,0.0,100.0
76004,,,,,,,
43242,,,,,,,
18670,,,,,,,
35054,0.0,0.0,0.0,0.0,0.0,0.0,100.0
125169,,,,,,,
116983,0.0,0.0,0.0,0.0,0.0,9.090909090909092,90.9090909090909
51449,,,,,,,
67835,,,,,,,
108794,,,,,,,
125178,,,,,,,
149753,0.0,0.0,0.0,0.0,0.0,0.0,100.0
166137,0.0,0.0,0.0,100.0,0.0,0.0,0.0
26877,0.0,0.0,0.0,0.0,0.0,0.0,100.0
100610,0.0,0.0,0.8064516129032258,0.0,1.6129032258064515,40.32258064516129,57.25806451612903
2309,,,,,,,
59657,,,,,,,
76040,,,,,,,
84237,0.0,0.0,0.0,0.0,0.0,0.0,100.0
141580,0.0,0.0,0.0,0.0,0.0,0.0,100.0
43279,,,,,,,
133394,0.0,0.0,0.0,0.0,83.33333333333333,0.0,16.666666666666668
10514,,,,,,,
35090,,,,,,,
157969,,,,,,,
149780,,,,,,,
100638,0.0,0.0,0.0,0.0,0.0,100.0,0.0
10532,0.0,0.0,0.0,0.0,0.0,0.0,100.0
166182,,,,,,,
26920,100.0,0.0,0.0,0.0,0.0,0.0,0.0
84264,0.0,0.0,0.0,0.0,0.0,0.0,100.0
51500,100.0,0.0,0.0,0.0,0.0,0.0,0.0
59693,0.0,0.0,0.0,0.0,0.0,100.0,0.0
43313,,,,,,,
117042,,,,,,,
18741,,,,,,,
133429,,,,,,,
158010,0.0,0.0,0.0,0.0,0.0,0.0,100.0
43331,81.14558472553699,0.0,0.0,0.0,0.0,0.0,18.85441527446301
67906,0.0,0.0,0.0,0.0,0.0,38.46153846153846,61.53846153846154
100683,82.37410071942446,0.0,0.0,0.3597122302158273,0.0,0.0,17.26618705035971
108874,0.0,0.0,0.0,0.0,0.0,0.0,100.0
149833,,,,,,,
2381,,,,,,,
76111,,,,,,,
35152,,,,,,,
149851,,,,,,,
166235,,,,,,,
18778,,,,,,,
51546,,,,,,,
108892,25.0,0.0,0.0,0.0,0.0,0.0,75.0
26975,2.816901408450704,0.0,0.0,13.145539906103286,1.408450704225352,16.431924882629108,66.19718309859155
100709,,,,,,,
67942,,,,,,,
76139,,,,,,,
158065,0.0,0.0,0.0,0.0,0.0,0.0,100.0
59764,,,,,,,
51573,0.0,0.0,0.0,0.0,0.0,0.0,100.0
108918,0.0,0.0,0.0,0.0,100.0,0.0,0.0
117113,0.0,0.0,0.0,0.0,0.0,33.333333333333336,66.66666666666667
84344,,,,,,,
76157,,,,,,,
27007,0.0,0.0,0.0,0.0,0.0,5.714285714285714,94.28571428571429
100736,,,,,,,
133508,0.0,0.0,0.0,0.0,0.0,0.0,100.0
76175,,,,,,,
108945,,,,,,,
43411,0.0,0.0,0.0,0.0,0.0,22.22222222222222,77.77777777777777
100754,0.0,0.0,0.0,0.0,0.0,0.0,100.0
92569,70.89442815249267,0.36656891495601174,0.5131964809384164,0.0,0.0,4.39882697947214,23.826979472140764
141722,3.8461538461538463,0.0,0.0,0.0,0.0,0.0,96.15384615384616
10649,,,,,,,
84380,0.0,0.0,0.0,0.0,100.0,0.0,0.0
158109,0.0,0.0,0.0,0.0,0.0,43.373493975903614,56.626506024096386
108963,5.714285714285714,0.0,0.0,0.0,0.0,0.0,94.28571428571429
125347,0.3875968992248062,0.0,4.909560723514212,0.0,0.0,30.103359173126616,64.59948320413437
174496,,,,,,,
68002,,,,,,,
174502,,,,,,,
149931,0.0,20.0,0.0,0.0,80.0,0.0,0.0
166315,,,,,,,
18858,,,,,,,
92587,,,,,,,
51626,,,,,,,
100781,0.0,0.0,0.0,0.0,0.0,0.0,100.0
174511,,,,,,,
59826,0.0,0.0,0.0,0.0,0.0,0.0,100.0
117177,0.0,0.0,0.0,0.0,0.0,0.0,100.0
133562,0.0,0.0,0.0,0.0,0.0,0.0,100.0
158136,,,,,,,
174520,,,,,,,
27070,,,,,,,
84415,0.0,0.0,0.0,0.0,25.0,0.0,75.0
125374,76.92307692307692,0.0,0.0,0.0,0.0,23.076923076923077,0.0
35269,0.0,0.0,0.0,0.0,0.0,0.0,100.0
43466,0.0,0.0,0.0,0.0,0.0,0.0,100.0
109005,,,,,,,
10701,,,,,,,
51662,,,,,,,
68048,,,,,,,
149968,,,,,,,
141786,,,,,,,
76255,0.0,0.0,0.0,0.0,0.0,0.0,100.0
100834,2.4081115335868186,27.122940430925222,66.7934093789607,0.0,0.0,0.7604562737642585,2.915082382762991
43493,0.0,0.0,0.0,0.0,0.0,100.0,0.0
158181,0.0,0.0,0.0,0.0,0.0,62.5,37.5
59880,0.0,0.0,0.0,0.0,0.0,0.0,100.0
125418,58.69565217391305,0.0,0.0,0.0,0.0,0.0,41.30434782608695
84460,,,,,,,
133615,,,,,,,
35312,,,,,,,
109041,0.0,0.0,0.0,0.0,94.73684210526316,0.0,5.2631578947368425
51699,,,,,,,
92658,10.970464135021096,0.0,0.0,74.82419127988749,2.390998593530239,0.2812939521800281,11.533052039381154
100852,0.0,0.0,0.0,0.0,0.0,0.0,100.0
18938,,,,,,,
76282,,,,,,,
100870,,,,,,,
10765,,,,,,,
166413,,,,,,,
2577,,,,,,,
150043,,,,,,,
117275,,,,,,,
76317,0.0,0.0,0.0,0.0,0.0,100.0,0.0
92701,31.03448275862069,0.0,0.0,0.0,0.0,3.4482758620689653,65.51724137931035
27169,0.0,0.0,0.0,0.0,0.0,0.0,100.0
68128,,,,,,,
125472,71.85792349726776,0.0,6.284153005464481,0.6830601092896175,0.0,5.737704918032787,15.437158469945356
158243,0.0,0.0,0.0,0.0,0.0,33.333333333333336,66.66666666666667
59942,0.0,0.0,0.0,0.0,0.0,100.0,0.0
51751,,,,,,,
109096,,,,,,,
43563,0.0,0.0,0.0,0.0,100.0,0.0,0.0
125490,,,,,,,
150070,,,,,,,
100923,,,,,,,
133688,,,,,,,
141884,,,,,,,
19007,0.0,0.0,0.0,0.0,0.0,100.0,0.0
76353,,,,,,,
117319,87.5,0.0,0.0,0.0,5.357142857142857,0.0,7.142857142857143
10827,,,,,,,
27212,0.0,0.0,0.0,0.0,0.0,0.0,100.0
84558,0.0,0.0,0.0,0.0,0.0,100.0,0.0
68182,,,,,,,
133722,,,,,,,
51804,,,,,,,
92765,11.188811188811188,0.0,0.0,0.0,0.0,86.7132867132867,2.097902097902098
150114,,,,,,,
35429,0.0,0.0,0.0,0.0,0.0,0.0,100.0
125542,0.0,0.0,0.0,0.0,16.666666666666668,0.0,83.33333333333333
100969,0.0,0.0,0.0,0.0,0.0,0.0,100.0
158314,0.0,0.0,0.0,0.0,48.10126582278481,0.0,51.89873417721519
43625,0.0,0.0,0.0,0.0,0.0,100.0,0.0
92783,0.0,0.0,0.0,0.0,0.0,100.0,0.0
84594,,,,,,,
76406,,,,,,,
10872,0.0,0.0,1.8867924528301887,0.0,0.0,0.0,98.11320754716981
141946,,,,,,,
109176,0.0,0.0,0.0,0.0,0.0,49.29577464788732,50.70422535211268
60026,,,,,,,
51840,,,,,,,
166529,0.0,0.0,0.0,0.0,0.0,100.0,0.0
43652,,,,,,,
101001,0.0,0.0,0.0,0.0,100.0,0.0,0.0
84629,0.0,0.0,0.0,0.0,0.0,0.0,100.0
27285,0.0,0.0,0.0,0.0,0.0,100.0,0.0
125588,,,,,,,
174744,9.817351598173516,0.0,9.58904109589041,0.0,12.785388127853881,16.894977168949772,50.91324200913242
68253,,,,,,,
60062,0.0,0.0,11.11111111111111,0.0,0.0,44.44444444444444,44.44444444444444
150178,0.0,0.0,0.0,0.0,25.0,0.0,75.0
133795,0.0,0.0,0.0,0.0,0.0,0.0,100.0
10916,,,,,,,
51877,100.0,0.0,0.0,0.0,0.0,0.0,0.0
92836,95.65217391304348,0.0,0.0,0.0,0.0,0.0,4.3478260869565215
19114,0.0,0.0,0.0,0.0,0.0,60.824742268041234,39.175257731958766
84656,0.0,0.0,0.0,0.0,2.247191011235955,0.0,97.75280898876404
43698,,,,,,,
117426,0.0,0.0,0.0,0.0,0.0,0.0,100.0
142006,,,,,,,
150196,37.5,0.0,0.0,0.0,0.0,62.5,0.0
125622,0.0,0.0,0.0,0.0,0.0,100.0,0.0
68280,,,,,,,
158396,0.0,100.0,0.0,0.0,0.0,0.0,0.0
174780,83.33333333333333,0.0,0.0,0.0,0.0,0.0,16.666666666666668
10943,0.0,0.0,0.0,0.0,0.0,0.0,100.0
27329,,,,,,,
101056,,,,,,,
60099,,,,,,,
19141,0.0,0.0,0.0,0.0,100.0,0.0,0.0
92872,,,,,,,
150221,,,,,,,
76497,0.0,0.0,0.0,4.166666666666667,0.0,4.166666666666667,91.66666666666667
109265,0.0,0.0,0.0,19.444444444444443,0.0,0.0,80.55555555555556
43732,,,,,,,
101083,,,,,,,
125659,,,,,,,
68324,,,,,,,
133866,,,,,,,
92907,,,,,,,
174824,0.0,0.0,42.857142857142854,0.0,0.0,0.0,57.142857142857146
51948,,,,,,,
125677,,,,,,,
166636,100.0,0.0,0.0,0.0,0.0,0.0,0.0
150258,,,,,,,
158449,0.0,0.0,0.0,0.0,66.66666666666667,0.0,33.333333333333336
27383,0.0,0.0,0.0,0.0,0.0,0.0,100.0
68342,,,,,,,
142079,0.0,0.0,0.0,0.0,0.0,0.0,100.0
117505,,,,,,,
60169,,,,,,,
43787,0.0,0.0,0.0,0.0,0.0,12.5,87.5
19212,0.0,0.0,0.0,0.0,0.0,100.0,0.0
174860,32.55813953488372,0.0,0.0,0.0,0.0,30.232558139534884,37.2093023255814
76558,0.0,0.0,0.0,100.0,0.0,0.0,0.0
51984,,,,,,,
166672,0.0,0.0,0.0,0.0,0.0,0.0,100.0
84754,0.0,0.0,0.0,0.0,0.0,0.0,100.0
150294,,,,,,,
101145,0.0,0.0,0.0,0.0,0.0,0.0,100.0
133919,,,,,,,
92961,0.0,0.0,0.0,0.0,0.0,0.0,100.0
43812,0.0,0.0,0.0,0.0,0.0,100.0,0.0
150310,,,,,,,
76585,,,,,,,
142122,,,,,,,
101163,0.0,0.0,0.0,0.0,0.0,0.0,100.0
109354,,,,,,,
27436,0.0,0.0,0.0,0.0,0.0,0.0,100.0
117550,0.0,0.0,0.0,0.0,85.14851485148515,0.0,14.851485148514852
19249,,,,,,,
166707,,,,,,,
11058,,,,,,,
68404,0.0,0.0,0.0,0.0,100.0,0.0,0.0
76601,0.0,0.0,0.0,0.0,0.0,0.0,100.0
92989,,,,,,,
125757,,,,,,,
158528,0.0,0.0,0.0,0.0,0.0,4.566210045662101,95.4337899543379
52035,,,,,,,
101190,0.0,0.0,0.0,0.0,0.0,0.0,100.0
174922,0.0,0.0,0.0,0.0,0.0,0.0,100.0
68431,,,,,,,
133964,,,,,,,
150356,,,,,,,
84825,0.0,0.0,0.0,0.0,89.1891891891892,0.0,10.81081081081081
43867,,,,,,,
93021,0.0,0.0,0.0,0.0,0.0,0.0,100.0
52062,0.0,0.0,0.0,0.0,0.0,0.0,100.0
76638,,,,,,,
2915,0.0,0.0,0.0,0.0,0.0,0.0,100.0
142177,,,,,,,
158564,4.411764705882353,0.0,0.0,0.0,0.0,0.0,95.58823529411765
109425,0.0,0.0,0.0,0.0,0.0,0.0,100.0
166770,,,,,,,
27506,,,,,,,
68468,,,,,,,
101243,,,,,,,
134014,,,,,,,
76674,31.03448275862069,0.0,0.0,0.0,0.0,0.0,68.96551724137932
19338,,,,,,,
93067,,,,,,,
150418,0.0,0.0,100.0,0.0,0.0,0.0,0.0
158608,,,,,,,
35731,38.7774594078319,0.0,0.09551098376313276,0.19102196752626552,3.7249283667621778,1.241642788920726,55.9694364851958
52115,0.0,0.0,0.0,0.0,0.0,0.0,100.0
76692,0.0,0.0,0.0,0.0,0.0,0.0,100.0
125846,,,,,,,
43929,,,,,,,
93085,,,,,,,
142239,,,,,,,
134050,99.29824561403508,0.0,0.0,0.0,0.0,0.0,0.7017543859649122
117667,0.0,0.0,0.0,0.0,0.0,0.0,100.0
11174,,,,,,,
27560,,,,,,,
175019,96.72727272727273,0.0,0.0,0.0,0.0,0.36363636363636365,2.909090909090909
2988,0.0,0.0,0.0,0.0,0.0,0.0,100.0
93101,,,,,,,
35759,0.0,0.0,0.0,0.0,0.0,0.0,100.0
76718,0.0,0.0,0.0,0.0,0.0,0.0,100.0
150445,,,,,,,
68529,,,,,,,
125873,,,,,,,
101298,,,,,,,
84923,0.0,0.0,0.0,0.0,66.66666666666667,0.0,33.333333333333336
158653,,,,,,,
19392,,,,,,,
52160,,,,,,,
109504,0.0,0.0,0.0,0.0,0.0,0.0,100.0
76745,,,,,,,
175055,0.0,0.0,0.0,0.0,0.0,0.0,100.0
142284,,,,,,,
134096,0.0,0.0,0.0,0.0,0.0,0.0,100.0
68565,,,,,,,
166869,,,,,,,
43992,,,,,,,
76763,,,,,,,
101341,,,,,,,
3039,,,,,,,
11236,,,,,,,
93156,100.0,0.0,0.0,0.0,0.0,0.0,0.0
158699,11.363636363636363,0.0,0.0,0.0,30.303030303030305,0.0,58.333333333333336
27631,21.568627450980394,0.0,0.0,0.0,0.0,1.9607843137254901,76.47058823529412
150524,0.0,0.0,0.0,0.0,0.0,100.0,0.0
35839,36.95652173913044,0.0,0.0,0.0,63.04347826086956,0.0,0.0
60419,2.2230320699708455,0.0,1.0204081632653061,8.454810495626822,15.123906705539358,26.6399416909621,46.53790087463557
101378,,,,,,,
142337,,,,,,,
76807,,,,,,,
125962,0.0,0.0,0.0,100.0,0.0,0.0,0.0
158733,,,,,,,
68627,0.0,0.0,0.0,0.0,0.0,100.0,0.0
175126,,,,,,,
117783,,,,,,,
93209,,,,,,,
44060,0.0,0.0,0.0,0.0,0.0,0.0,100.0
27686,0.0,0.0,0.0,0.0,11.538461538461538,0.0,88.46153846153847
60455,28.571428571428573,0.0,0.0,0.0,0.0,9.523809523809524,61.904761904761905
142373,,,,,,,
11307,,,,,,,
35884,0.0,0.0,0.0,0.0,0.0,0.0,100.0
125999,0.0,0.0,0.0,0.0,0.0,100.0,0.0
134194,,,,,,,
93236,,,,,,,
158779,0.0,0.0,0.0,0.0,0.0,21.428571428571427,78.57142857142857
150588,0.0,0.0,0.0,0.0,0.0,0.0,100.0
85056,,,,,,,
60482,84.28571428571429,0.0,0.0,0.0,0.47619047619047616,0.0,15.238095238095237
117827,0.0,0.0,0.0,0.0,0.0,0.0,100.0
126022,0.0,0.0,0.0,0.0,0.0,89.28571428571429,10.714285714285714
166985,,,,,,,
44113,0.0,0.0,0.0,100.0,0.0,0.0,0.0
101458,,,,,,,
85074,0.0,0.0,100.0,0.0,0.0,0.0,0.0
158804,,,,,,,
11352,,,,,,,
142426,,,,,,,
60507,0.0,0.0,0.0,0.0,8.108108108108109,0.0,91.89189189189189
93281,,,,,,,
175206,,,,,,,
19560,,,,,,,
35946,93.54838709677419,0.0,0.0,0.0,0.0,0.0,6.451612903225806
44140,0.0,0.0,0.0,0.0,0.0,0.0,100.0
27757,0.0,0.0,0.0,0.0,0.0,0.0,100.0
68716,,,,,,,
60534,0.0,0.0,0.0,0.0,0.0,0.0,100.0
167035,0.0,0.0,0.0,0.0,0.0,100.0,0.0
175224,0.0,0.0,0.0,0.0,0.0,0.0,100.0
126077,,,,,,,
76932,,,,,,,
11398,,,,,,,
85127,0.0,0.0,0.0,0.0,0.0,0.0,100.0
158859,0.0,0.0,0.0,0.0,0.0,100.0,0.0
93325,,,,,,,
101519,,,,,,,
44177,,,,,,,
126102,0.0,0.0,0.0,0.0,0.0,100.0,0.0
60570,0.0,0.0,0.0,0.0,0.0,0.0,100.0
167071,,,,,,,
175260,,,,,,,
11423,,,,,,,
142499,,,,,,,
117925,,,,,,,
36006,0.0,0.0,0.0,0.0,33.70786516853933,0.0,66.29213483146067
76969,0.0,0.0,0.0,0.0,0.0,7.142857142857143,92.85714285714286
44202,,,,,,,
150702,0.0,0.0,0.0,0.0,0.0,100.0,0.0
158895,0.0,0.0,100.0,0.0,0.0,0.0,0.0
19631,,,,,,,
68789,,,,,,,
60598,,,,,,,
93370,0.0,0.0,0.0,0.0,0.0,0.0,100.0
101564,,,,,,,
134336,,,,,,,
76996,0.0,0.0,0.0,0.0,0.0,100.0,0.0
126148,,,,,,,
27846,0.0,0.0,100.0,0.0,0.0,0.0,0.0
109773,12.625250501002004,0.0,0.0,0.0,2.6052104208416833,1.402805611222445,83.36673346693387
142550,,,,,,,
11478,,,,,,,
126166,0.0,0.0,0.0,0.0,0.0,100.0,0.0
60632,0.0,0.0,0.0,0.0,0.0,0.0,100.0
36060,0.0,0.0,0.0,0.0,60.0,0.0,40.0
44257,,,,,,,
77028,,,,,,,
150766,0.0,0.0,0.0,0.0,0.0,7.142857142857143,92.85714285714286
11502,,,,,,,
19695,,,,,,,
117998,0.0,0.0,0.0,0.0,100.0,0.0,0.0
101617,,,,,,,
134390,,,,,,,
158966,,,,,,,
85243,,,,,,,
93441,,,,,,,
109826,0.0,0.0,0.0,0.0,0.0,0.0,100.0
27908,,,,,,,
167179,,,,,,,
175368,0.0,0.0,0.0,0.0,0.0,0.0,100.0
44300,,,,,,,
60687,0.0,0.0,0.0,0.0,94.44444444444444,0.0,5.555555555555555
11539,,,,,,,
126228,,,,,,,
68887,,,,,,,
142612,,,,,,,
77082,0.0,0.0,0.0,0.0,0.0,0.0,100.0
27935,0.0,0.0,0.0,0.0,0.0,0.0,100.0
101662,0.0,0.0,0.0,0.0,0.0,100.0,0.0
36131,,,,,,,
44328,0.0,0.0,0.0,0.0,100.0,0.0,0.0
85289,,,,,,,
134443,,,,,,,
118058,,,,,,,
93487,0.0,0.0,0.0,0.0,0.0,0.0,100.0
60721,11.11111111111111,0.0,0.0,0.0,0.0,88.88888888888889,0.0
167222,,,,,,,
68921,,,,,,,
159035,100.0,0.0,0.0,0.0,0.0,0.0,0.0
167231,,,,,,,
11584,0.0,0.0,0.0,0.0,19.310344827586206,0.0,80.6896551724138
27971,0.0,0.0,0.0,0.0,0.0,0.0,100.0
44355,,,,,,,
3397,,,,,,,
77126,,,,,,,
167240,,,,,,,
175439,,,,,,,
118094,,,,,,,
19793,,,,,,,
142676,,,,,,,
167259,,,,,,,
52570,,,,,,,
85341,0.0,0.0,0.0,0.0,0.0,0.0,100.0
101724,,,,,,,
159071,0.0,0.0,0.0,0.0,0.0,100.0,0.0
77153,0.0,0.0,0.0,0.0,100.0,0.0,0.0
93539,,,,,,,
109924,0.0,0.0,0.0,0.0,0.0,0.0,100.0
167268,,,,,,,
44391,,,,,,,
60776,0.0,0.0,0.0,0.0,0.0,0.0,100.0
175466,,,,,,,
150891,,,,,,,
36202,,,,,,,
101742,,,,,,,
167277,,,,,,,
68976,,,,,,,
142710,,,,,,,
167286,,,,,,,
11637,,,,,,,
126326,,,,,,,
77180,0.0,0.0,0.0,0.0,0.0,0.0,100.0
167295,,,,,,,
60801,24.242424242424242,0.0,0.0,0.0,72.72727272727273,0.0,3.0303030303030303
3459,,,,,,,
167302,100.0,0.0,0.0,0.0,0.0,0.0,0.0
93575,0.0,0.0,0.0,29.166666666666668,0.0,70.83333333333333,0.0
167311,0.0,0.0,0.0,100.0,0.0,0.0,0.0
11664,,,,,,,
44435,,,,,,,
150935,0.0,0.0,0.0,0.0,10.0,0.0,90.0
175509,,,,,,,
167320,,,,,,,
134559,,,,,,,
93600,0.0,0.0,0.0,0.0,100.0,0.0,0.0
159142,0.0,0.0,0.0,0.0,0.0,100.0,0.0
85412,0.0,0.0,0.0,0.0,91.42857142857143,0.0,8.571428571428571
77224,0.0,0.0,0.0,0.0,0.0,0.0,100.0
52650,100.0,0.0,0.0,0.0,0.0,0.0,0.0
28077,,,,,,,
101804,,,,,,,
126380,,,,,,,
44462,0.0,0.0,0.0,0.0,100.0,0.0,0.0
60847,2.272727272727273,0.0,1.1363636363636365,13.068181818181818,0.0,0.0,83.52272727272727
142774,,,,,,,
93628,100.0,0.0,0.0,0.0,0.0,0.0,0.0
101822,0.0,0.0,0.0,0.0,0.0,0.0,100.0
118209,,,,,,,
69063,,,,,,,
150980,,,,,,,
126406,,,,,,,
110027,,,,,,,
36300,0.0,0.0,0.0,0.0,0.0,100.0,0.0
77260,,,,,,,
93646,,,,,,,
101840,,,,,,,
60883,,,,,,,
11735,,,,,,,
52696,,,,,,,
44505,,,,,,,
85467,,,,,,,
126433,,,,,,,
93664,,,,,,,
175590,0.0,0.0,0.0,0.0,30.434782608695652,69.56521739130434,0.0
77288,,,,,,,
28139,,,,,,,
151022,,,,,,,
110063,0.0,0.0,0.0,0.0,0.0,0.0,100.0
159213,,,,,,,
52721,,,,,,,
11762,,,,,,,
44532,0.0,0.0,0.0,0.0,0.0,100.0,0.0
134648,,,,,,,
77313,100.0,0.0,0.0,0.0,0.0,0.0,0.0
142854,,,,,,,
118281,0.0,0.0,0.0,0.0,30.232558139534884,0.0,69.76744186046511
101902,0.0,0.0,0.0,0.0,0.0,0.0,100.0
44560,,,,,,,
60945,,,,,,,
77331,0.0,0.0,0.0,0.0,0.0,100.0,0.0
93717,0.0,0.0,0.0,0.0,0.0,0.0,100.0
36373,,,,,,,
52758,0.0,0.0,0.0,0.0,0.0,0.0,100.0
85528,0.0,0.0,0.0,0.0,0.0,0.0,100.0
159259,0.0,0.0,0.0,0.0,0.0,0.0,100.0
19999,0.0,0.0,100.0,0.0,0.0,0.0,0.0
28193,,,,,,,
142881,0.0,0.0,0.0,0.0,0.0,100.0,0.0
110116,0.0,0.0,0.0,0.0,0.0,0.0,100.0
93735,,,,,,,
126503,,,,,,,
151077,0.0,0.0,0.0,0.0,0.0,0.0,100.0
52785,0.0,0.0,0.0,0.0,0.0,0.0,100.0
69170,,,,,,,
167473,11.93169690501601,0.0,6.4247598719316965,0.0,0.021344717182497332,22.689434364994664,58.932764140875136
175670,0.0,0.0,0.0,0.0,0.0,0.0,100.0
151095,0.0,0.0,0.0,0.0,56.06060606060606,25.757575757575758,18.181818181818183
77377,0.0,0.0,0.0,15.625,0.0,0.0,84.375
11842,,,,,,,
101957,88.88888888888889,0.0,0.0,0.0,0.0,11.11111111111111,0.0
36426,,,,,,,
93771,,,,,,,
61005,,,,,,,
85582,0.0,0.0,0.0,0.0,0.0,0.0,100.0
20048,,,,,,,
151120,0.0,0.0,0.0,0.0,0.0,0.0,100.0
28246,77.27272727272727,0.0,0.0,0.0,0.0,0.0,22.727272727272727
20055,,,,,,,
77402,,,,,,,
20063,,,,,,,
101984,,,,,,,
134755,,,,,,,
118370,,,,,,,
36453,0.0,0.0,0.0,0.0,100.0,0.0,0.0
159339,75.0,0.0,0.0,0.0,0.0,0.0,25.0
142952,,,,,,,
93815,100.0,0.0,0.0,0.0,0.0,0.0,0.0
175732,,,,,,,
151157,,,,,,,
52856,,,,,,,
126585,,,,,,,
85626,50.0,0.0,50.0,0.0,0.0,0.0,0.0
69250,0.0,0.0,0.0,0.0,0.0,0.0,100.0
159366,,,,,,,
61069,,,,,,,
159375,,,,,,,
102035,0.0,0.0,0.0,0.0,0.0,0.0,100.0
36499,0.0,0.0,0.0,0.0,0.0,0.0,100.0
110232,0.0,0.0,0.0,0.0,0.0,100.0,0.0
93851,,,,,,,
159384,50.0,0.0,0.0,0.0,0.0,0.0,50.0
77475,0.0,0.0,0.0,0.0,0.0,100.0,0.0
159393,,,,,,,
11940,,,,,,,
175787,,,,,,,
159400,,,,,,,
52909,0.0,0.0,0.0,0.0,0.0,0.0,100.0
28335,,,,,,,
143021,,,,,,,
3761,,,,,,,
85680,0.0,0.0,0.0,0.0,0.0,100.0,0.0
36532,,,,,,,
69303,0.0,0.0,100.0,0.0,0.0,0.0,0.0
102071,,,,,,,
126647,,,,,,,
159419,,,,,,,
93888,0.0,0.0,0.0,94.90445859872611,0.0,0.0,5.095541401273885
61121,,,,,,,
77509,,,,,,,
118469,,,,,,,
159428,,,,,,,
134853,,,,,,,
52936,,,,,,,
151246,,,,,,,
159437,0.0,0.0,0.0,0.0,0.0,0.0,100.0
69330,,,,,,,
126674,,,,,,,
159446,0.0,0.0,0.0,0.0,0.0,0.0,100.0
36569,,,,,,,
110296,0.0,0.0,0.0,0.0,0.0,0.0,100.0
143067,,,,,,,
52954,,,,,,,
11995,,,,,,,
102106,0.0,0.0,0.0,0.0,0.0,100.0,0.0
167641,,,,,,,
3805,,,,,,,
159455,,,,,,,
77536,,,,,,,
93931,0.0,0.0,100.0,0.0,0.0,0.0,0.0
159464,0.0,0.0,0.0,0.0,0.0,0.0,100.0
118511,,,,,,,
61167,,,,,,,
134899,,,,,,,
159473,,,,,,,
77561,,,,,,,
159482,0.0,0.0,0.0,0.0,0.0,33.333333333333336,66.66666666666667
52990,,,,,,,
28415,,,,,,,
126718,0.0,0.0,0.0,0.0,0.0,100.0,0.0
3841,,,,,,,
85760,25.0,0.0,62.5,0.0,0.0,0.0,12.5
159491,,,,,,,
12037,,,,,,,
77579,,,,,,,
175885,,,,,,,
102160,4.545454545454546,0.0,2.272727272727273,0.0,0.0,0.0,93.18181818181819
159507,,,,,,,
44818,40.88023698688108,0.0,1.8620397799407533,12.399492170969108,0.0,20.90562843842573,23.952602623783328
77587,,,,,,,
167696,0.0,0.0,0.0,0.0,0.0,0.0,100.0
69394,,,,,,,
12055,,,,,,,
61210,,,,,,,
77595,,,,,,,
134942,,,,,,,
85788,0.0,0.0,0.0,0.0,0.0,0.0,100.0
159516,,,,,,,
53023,,,,,,,
77601,,,,,,,
159525,0.0,0.0,0.0,0.0,0.0,0.0,100.0
36649,,,,,,,
143147,,,,,,,
93995,0.0,0.0,0.0,0.0,0.0,100.0,0.0
44845,0.0,0.0,10.557184750733137,0.2932551319648094,23.46041055718475,11.436950146627566,54.252199413489734
118575,0.0,0.0,0.0,0.0,0.0,0.0,100.0
151344,0.0,0.0,0.0,0.0,0.0,0.0,100.0
126772,,,,,,,
12091,1.5151515151515151,0.0,0.0,0.0,46.96969696969697,0.0,51.515151515151516
44863,,,,,,,
175938,0.0,0.0,0.0,0.0,0.0,100.0,0.0
36676,,,,,,,
102213,0.0,0.0,0.0,0.0,0.0,0.0,100.0
69447,,,,,,,
61256,,,,,,,
20297,63.75694016039482,0.0,0.0,0.12338062924120913,1.5422578655151142,16.409623689080814,18.167797655768045
53069,0.0,0.0,0.0,0.0,100.0,0.0,0.0
28497,0.0,0.0,0.0,0.0,0.0,0.0,100.0
85840,0.0,0.0,0.0,0.0,0.0,0.0,100.0
20313,0.0,0.0,0.0,0.0,0.0,0.0,100.0
94045,,,,,,,
12126,0.0,0.0,0.0,0.0,57.69230769230769,0.0,42.30769230769231
102240,100.0,0.0,0.0,0.0,0.0,0.0,0.0
61283,,,,,,,
126825,,,,,,,
118637,,,,,,,
175983,0.0,0.0,0.0,0.0,0.0,0.0,100.0
135020,0.0,0.0,0.0,0.0,0.0,100.0,0.0
53103,,,,,,,
12144,,,,,,,
167794,0.0,0.0,0.0,0.0,0.0,0.0,100.0
28530,,,,,,,
85877,,,,,,,
3958,,,,,,,
110456,,,,,,,
159614,55.16506922257721,0.0,13.418530351437699,0.0,3.7273695420660276,0.10649627263045794,27.582534611288605
94081,,,,,,,
44934,,,,,,,
61318,0.0,0.0,0.0,0.0,0.0,0.0,100.0
20359,,,,,,,
53130,,,,,,,
151433,,,,,,,
102286,,,,,,,
151442,0.0,0.0,0.0,0.0,22.22222222222222,0.0,77.77777777777777
36756,,,,,,,
69526,,,,,,,
151451,0.0,0.0,0.0,0.0,100.0,0.0,0.0
94107,,,,,,,
159650,0.0,0.0,0.0,0.0,100.0,0.0,0.0
85920,0.0,0.0,0.0,0.0,100.0,0.0,0.0
118691,0.0,0.0,0.0,0.0,93.63636363636364,6.363636363636363,0.0
151460,0.0,0.0,0.0,0.0,0.0,100.0,0.0
4008,,,,,,,
94125,,,,,,,
12206,,,,,,,
53167,,,,,,,
151479,0.0,0.0,0.0,0.0,0.0,0.0,100.0
126905,,,,,,,
20411,0.0,0.0,0.0,0.0,0.0,0.0,100.0
61372,0.0,0.0,0.0,0.0,0.0,42.10526315789474,57.89473684210526
44989,,,,,,,
12224,,,,,,,
28610,,,,,,,
151488,,,,,,,
159687,0.0,0.0,0.0,0.0,0.0,0.0,100.0
110535,,,,,,,
36809,0.0,0.0,0.0,0.0,56.25,0.0,43.75
45003,10.0,0.0,0.0,0.0,0.0,0.0,90.0
151497,,,,,,,
102348,,,,,,,
151503,,,,,,,
94161,100.0,0.0,0.0,0.0,0.0,0.0,0.0
12242,100.0,0.0,0.0,0.0,0.0,0.0,0.0
53210,,,,,,,
135128,,,,,,,
151512,,,,,,,
118753,0.0,0.0,0.0,0.0,0.0,0.0,100.0
85984,,,,,,,
151521,,,,,,,
167909,0.0,0.0,0.0,0.0,0.0,0.0,100.0
135146,0.0,0.0,0.0,0.0,0.0,100.0,0.0
151530,,,,,,,
110571,,,,,,,
69615,,,,,,,
159730,0.0,0.0,0.0,0.0,0.0,0.0,100.0
20466,0.0,0.0,0.0,0.0,0.0,0.0,100.0
77812,61.38952164009112,0.0,1.366742596810934,0.0,0.0,0.22779043280182232,37.01594533029613
28665,0.0,0.0,0.0,0.0,0.0,0.0,100.0
135164,,,,,,,
53247,,,,,,,
151549,,,,,,,
12288,,,,,,,
126978,,,,,,,
151558,,,,,,,
4106,,,,,,,
61452,,,,,,,
151567,,,,,,,
94223,,,,,,,
118799,,,,,,,
102419,,,,,,,
176150,,,,,,,
159767,0.0,0.0,0.0,0.0,0.0,0.0,100.0
53274,0.0,0.0,0.0,0.0,0.0,0.0,100.0
151576,,,,,,,
151585,,,,,,,
28709,,,,,,,
118824,0.0,0.0,0.0,0.0,0.0,0.0,100.0
127019,0.0,0.0,0.0,0.0,0.0,0.0,100.0
36907,,,,,,,
159785,0.0,0.0,0.0,0.0,50.0,0.0,50.0
45101,6.024096385542169,0.0,0.0,0.0,0.0,0.0,93.97590361445783
4142,,,,,,,
102446,,,,,,,
167981,0.0,0.0,0.0,0.0,0.0,0.0,100.0
12340,,,,,,,
135226,0.0,0.0,0.0,0.0,0.0,0.0,100.0
94269,0.0,0.0,0.0,0.0,0.0,100.0,0.0
102473,,,,,,,
61513,,,,,,,
135244,,,,,,,
53327,,,,,,,
12368,0.0,0.0,0.0,0.0,0.0,0.0,100.0
20563,6.190476190476191,0.0,0.0,0.0,0.0,27.936507936507937,65.87301587301587
176212,0.0,0.0,20.0,0.0,0.0,0.0,80.0
77910,0.0,0.0,0.0,0.0,0.0,0.0,100.0
36952,,,,,,,
143450,50.46511627906977,0.0,0.0664451827242525,0.0,3.4219269102990033,12.82392026578073,33.222591362126245
127064,0.0,0.0,0.0,0.0,0.0,0.0,100.0
28763,0.0,0.0,0.0,0.0,0.0,100.0,0.0
4188,,,,,,,
53345,,,,,,,
110688,,,,,,,
159847,,,,,,,
94312,0.0,0.0,0.0,0.0,0.0,0.0,100.0
168041,0.0,0.0,0.0,0.0,32.25806451612903,0.0,67.74193548387096
12402,,,,,,,
86133,,,,,,,
61559,,,,,,,
94330,,,,,,,
53372,0.0,0.0,0.0,0.0,0.0,0.0,100.0
102525,,,,,,,
143487,0.0,0.0,0.0,0.0,0.0,100.0,0.0
20607,,,,,,,
151683,3.3057851239669422,0.0,0.0,0.0,0.0,0.0,96.69421487603306
159883,,,,,,,
143502,100.0,0.0,0.0,0.0,0.0,0.0,0.0
102543,94.30379746835443,0.0,0.0,0.0,0.0,0.0,5.69620253164557
4240,0.0,0.0,0.0,0.0,0.0,0.0,100.0
28816,0.0,0.0,0.0,0.0,100.0,0.0,0.0
135315,100.0,0.0,0.0,0.0,0.0,0.0,0.0
118931,,,,,,,
37011,0.0,0.0,0.0,0.0,0.0,20.0,80.0
110740,0.0,0.0,0.0,0.0,0.0,0.0,100.0
127126,,,,,,,
151709,0.0,0.0,0.0,0.0,0.0,0.0,100.0
143520,25.0,0.0,0.0,0.0,0.0,0.0,75.0
12457,,,,,,,
94376,,,,,,,
127144,,,,,,,
102570,59.375,0.0,0.0,0.0,0.0,0.0,40.625
4268,,,,,,,
86188,,,,,,,
176301,0.0,0.0,0.0,0.0,0.0,0.0,100.0
53425,,,,,,,
61620,75.75757575757575,0.0,0.0,0.0,0.0,0.0,24.242424242424242
151736,,,,,,,
45245,,,,,,,
20670,,,,,,,
168130,,,,,,,
37057,,,,,,,
78016,0.0,0.0,0.0,0.0,0.0,0.0,100.0
127171,0.0,0.0,100.0,0.0,0.0,0.0,0.0
143557,0.0,0.0,0.0,0.0,2.2598870056497176,0.0,97.74011299435028
159945,0.0,0.0,0.0,0.0,0.0,0.0,100.0
102605,94.96855345911949,0.0,0.0,0.0,0.0,0.0,5.031446540880503
4302,,,,,,,
86222,,,,,,,
176338,,,,,,,
151763,,,,,,,
118995,,,,,,,
28889,,,,,,,
159963,,,,,,,
94429,,,,,,,
12509,0.0,0.0,0.0,0.0,0.0,0.0,100.0
110820,0.0,0.0,0.0,0.0,0.0,0.0,100.0
61675,,,,,,,
37100,,,,,,,
151790,33.41463414634146,0.0,0.0,1.951219512195122,0.0,2.4390243902439024,62.19512195121951
135404,,,,,,,
102641,0.0,0.0,0.0,0.0,0.0,100.0,0.0
53489,0.0,0.0,0.0,0.0,0.0,0.0,100.0
94456,,,,,,,
127224,,,,,,,
143619,2.926829268292683,0.0,5.365853658536586,0.0,0.0,6.829268292682927,84.8780487804878
135431,,,,,,,
78089,0.0,0.0,0.0,0.0,0.0,0.0,100.0
53513,,,,,,,
151816,0.0,0.0,0.0,0.0,35.585585585585584,4.054054054054054,60.36036036036036
28941,,,,,,,
69900,2.0408163265306123,0.0,0.07037297677691766,0.7741027445460943,2.251935256861365,2.1111893033075297,92.75158339197748
4366,28.652968036529682,0.0,0.0,0.0,70.4337899543379,0.0,0.91324200913242
127251,0.0,0.0,0.0,0.0,0.0,31.818181818181817,68.18181818181819
45334,,,,,,,
151834,0.0,0.0,0.0,0.0,33.333333333333336,66.66666666666667,0.0
110875,,,,,,,
12572,,,,,,,
143646,100.0,0.0,0.0,0.0,0.0,0.0,0.0
94492,,,,,,,
86311,,,,,,,
168229,0.0,0.0,0.0,0.0,0.0,0.0,100.0
61737,,,,,,,
20778,4.219409282700422,76.79324894514768,0.0,0.0,0.0,0.4219409282700422,18.565400843881857
160047,,,,,,,
102703,,,,,,,
45361,,,,,,,
37173,,,,,,,
127288,,,,,,,
78141,15.529411764705882,0.0,2.1176470588235294,0.0,0.0,0.7058823529411765,81.6470588235294
151870,6.25,0.0,0.0,0.0,0.0,11.11111111111111,82.63888888888889
176445,0.0,0.0,0.0,0.0,0.0,100.0,0.0
143682,0.0,0.0,0.0,0.0,0.0,0.0,100.0
86339,,,,,,,
94535,,,,,,,
29001,,,,,,,
53577,25.0,0.0,0.0,0.0,75.0,0.0,0.0
45389,,,,,,,
69964,42.857142857142854,0.0,0.0,0.0,0.0,0.0,57.142857142857146
135501,,,,,,,
20821,0.0,0.0,0.0,1.875,0.0,15.625,82.5
127322,,,,,,,
102749,100.0,0.0,0.0,0.0,0.0,0.0,0.0
160092,,,,,,,
86366,80.0,0.0,0.0,0.0,0.0,0.0,20.0
37217,,,,,,,
12643,0.0,0.0,0.0,0.0,0.0,0.0,100.0
94562,0.0,0.0,0.0,33.333333333333336,0.0,66.66666666666667,0.0
110946,,,,,,,
151905,0.0,0.0,0.0,0.0,19.753086419753085,0.0,80.24691358024691
29038,0.0,0.0,0.0,0.0,0.0,0.0,100.0
61808,,,,,,,
119153,0.0,0.0,0.0,0.0,0.0,0.0,100.0
94580,0.0,0.0,0.0,0.0,0.0,0.0,100.0
143735,6.779661016949152,0.0,2.542372881355932,0.0,0.0,31.35593220338983,59.32203389830509
168309,,,,,,,
176506,0.0,0.0,0.0,0.0,0.0,0.7407407407407407,99.25925925925925
135547,,,,,,,
160127,100.0,0.0,0.0,0.0,0.0,0.0,0.0
151932,,,,,,,
4482,0.0,0.0,0.0,0.0,0.0,0.0,100.0
61826,,,,,,,
53639,,,,,,,
127368,,,,,,,
102794,0.0,0.0,0.0,0.0,0.0,0.0,100.0
20876,18.012422360248447,0.0,0.0,0.0,6.211180124223603,0.0,75.77639751552795
94606,,,,,,,
12689,0.0,0.0,0.0,0.0,0.0,0.0,100.0
143771,36.8421052631579,0.0,0.0,0.0,0.0,0.0,63.1578947368421
127386,,,,,,,
111006,,,,,,,
37280,0.0,0.0,0.0,46.15384615384615,0.0,0.0,53.84615384615385
29092,0.0,0.0,0.0,100.0,0.0,0.0,0.0
176551,,,,,,,
86438,0.0,0.0,0.0,0.0,18.07909604519774,0.0,81.92090395480226
119206,0.0,0.0,100.0,0.0,0.0,0.0,0.0
151978,0.0,0.0,0.0,36.8421052631579,51.12781954887218,0.0,12.030075187969924
53675,,,,,,,
4525,,,,,,,
20910,,,,,,,
160172,,,,,,,
61871,0.0,0.0,0.0,0.0,0.0,100.0,0.0
86446,,,,,,,
127411,,,,,,,
78258,0.0,0.0,0.0,0.0,32.142857142857146,0.0,67.85714285714286
86453,,,,,,,
168372,0.0,0.0,0.0,0.0,0.0,0.0,100.0
102838,,,,,,,
45496,0.0,0.0,0.0,0.0,0.0,100.0,0.0
94651,,,,,,,
86461,,,,,,,
143806,0.0,0.0,0.0,0.0,0.0,0.0,100.0
151996,,,,,,,
135618,,,,,,,
53700,0.0,0.0,0.0,0.0,0.0,0.0,100.0
119242,0.0,0.0,0.0,0.0,0.0,0.0,100.0
37324,,,,,,,
86479,,,,,,,
70094,0.0,0.0,0.0,0.0,0.0,0.0,100.0
86487,0.0,0.0,0.0,0.0,0.0,0.0,100.0
86495,,,,,,,
70110,42.857142857142854,0.0,0.0,14.285714285714286,28.571428571428573,0.0,14.285714285714286
53728,0.0,0.0,0.0,0.0,0.0,0.0,100.0
94688,,,,,,,
29154,0.0,0.0,0.0,0.0,0.0,0.0,100.0
45539,,,,,,,
160225,,,,,,,
86501,,,,,,,
135654,,,,,,,
152038,,,,,,,
20965,0.0,0.0,0.0,0.0,0.0,0.0,100.0
176613,77.77777777777777,0.0,0.0,0.0,0.0,0.0,22.22222222222222
143851,,,,,,,
12778,0.0,0.0,0.0,0.0,0.0,0.0,100.0
86519,,,,,,,
78329,0.0,0.0,0.0,0.0,0.0,0.0,100.0
111097,,,,,,,
53755,,,,,,,
102909,0.0,0.0,0.0,0.0,0.0,0.0,100.0
61951,0.0,0.0,0.0,0.0,60.60606060606061,0.0,39.39393939393939
135681,,,,,,,
127493,0.0,0.0,0.0,0.0,0.0,100.0,0.0
168452,0.0,0.0,0.0,0.0,0.0,0.0,100.0
160261,,,,,,,
94731,0.0,0.0,0.0,0.0,0.0,0.0,100.0
12812,,,,,,,
21007,,,,,,,
152083,,,,,,,
143888,,,,,,,
37397,,,,,,,
53791,,,,,,,
70174,0.0,0.0,0.0,0.0,0.0,75.0,25.0
102945,100.0,0.0,0.0,0.0,0.0,0.0,0.0
119331,0.0,0.0,0.0,0.0,0.0,0.0,100.0
176686,0.0,0.0,0.0,0.0,0.0,0.0,100.0
135725,,,,,,,
143922,,,,,,,
12849,,,,,,,
94768,,,,,,,
127536,,,,,,,
45619,0.0,0.0,0.0,0.0,0.0,0.0,100.0
160305,,,,,,,
29243,0.0,0.0,0.0,0.0,0.0,100.0,0.0
152127,,,,,,,
160323,,,,,,,
62020,,,,,,,
94795,,,,,,,
127563,,,,,,,
12876,72.72727272727273,0.0,0.0,0.0,0.0,0.0,27.272727272727273
37459,,,,,,,
143959,0.0,0.0,3.278688524590164,0.0,0.0,0.0,96.72131147540983
119386,,,,,,,
53853,,,,,,,
4703,,,,,,,
103014,,,,,,,
45673,,,,,,,
62057,,,,,,,
21098,,,,,,,
168559,0.0,0.0,0.0,0.0,0.0,0.0,100.0
152172,0.0,0.0,0.0,0.0,0.0,100.0,0.0
176748,0.0,0.0,0.0,0.0,0.0,25.0,75.0
135789,100.0,0.0,0.0,0.0,0.0,0.0,0.0
12912,0.0,0.0,0.0,0.0,0.0,0.0,100.0
111220,,,,,,,
78454,0.0,0.0,0.0,0.0,0.0,0.0,100.0
12920,0.0,0.0,0.0,0.0,0.0,0.0,100.0
103032,,,,,,,
143995,,,,,,,
160387,0.0,0.0,0.0,0.0,0.0,100.0,0.0
21123,0.0,0.0,0.0,0.0,100.0,0.0,0.0
127625,,,,,,,
78472,,,,,,,
12938,,,,,,,
168602,,,,,,,
176793,0.0,0.0,0.0,0.0,0.0,0.0,100.0
29341,0.0,0.0,0.0,0.0,0.0,0.0,100.0
86687,17.823639774859288,0.0,0.0,0.0,0.5628517823639775,0.0,81.61350844277673
4767,,,,,,,
135850,,,,,,,
152234,,,,,,,
111275,0.0,0.0,0.0,0.0,0.0,0.0,100.0
37547,,,,,,,
119466,0.0,0.0,0.0,0.0,0.0,0.0,100.0
160430,0.0,0.0,0.0,0.0,0.0,0.0,100.0
70316,0.0,0.0,0.0,0.0,0.0,50.0,50.0
103087,,,,,,,
144054,60.90909090909091,0.0,0.0,0.0,0.0,0.0,39.09090909090909
45753,0.0,0.0,0.0,0.0,0.0,0.0,100.0
62137,0.0,0.0,0.0,0.0,0.0,10.714285714285714,89.28571428571429
152252,,,,,,,
127689,,,,,,,
160458,,,,,,,
21196,0.0,0.0,0.0,0.0,0.0,0.0,100.0
152270,,,,,,,
78542,0.0,0.0,0.0,0.0,0.0,0.0,100.0
70352,0.0,0.0,0.0,0.0,0.0,56.0,44.0
176855,,,,,,,
135896,,,,,,,
29403,0.0,0.0,0.0,0.0,0.0,0.0,100.0
103130,100.0,0.0,0.0,0.0,0.0,0.0,0.0
86749,,,,,,,
160476,,,,,,,
168675,,,,,,,
127714,,,,,,,
119527,,,,,,,
62191,0.0,0.0,0.0,0.0,89.28571428571429,0.0,10.714285714285714
37618,,,,,,,
144116,0.0,0.0,0.0,0.0,0.0,0.0,100.0
45815,0.0,0.0,0.0,0.0,100.0,0.0,0.0
152314,0.0,0.0,100.0,0.0,0.0,0.0,0.0
176891,,,,,,,
21249,0.0,0.0,0.0,0.0,0.0,100.0,0.0
127750,,,,,,,
78604,0.0,0.0,0.0,0.0,0.0,0.0,100.0
152332,0.0,0.0,0.0,0.0,0.0,100.0,0.0
70414,0.0,0.0,0.0,0.0,0.0,0.0,100.0
135949,0.0,0.0,0.0,0.0,100.0,0.0,0.0
160528,,,,,,,
144152,0.0,0.0,0.0,0.0,0.0,0.0,100.0
29467,,,,,,,
103194,,,,,,,
86810,26.244343891402714,0.0,2.7149321266968327,0.0,0.0,0.0,71.04072398190046
152350,,,,,,,
119590,,,,,,,
37672,,,,,,,
54056,0.0,0.0,0.0,0.0,0.0,0.0,100.0
62253,,,,,,,
168755,,,,,,,
176944,,,,,,,
160564,,,,,,,
111417,,,,,,,
4927,94.24083769633508,0.0,0.0,0.0,0.0,1.0471204188481675,4.712041884816754
45888,,,,,,,
144198,,,,,,,
127812,,,,,,,
103238,,,,,,,
62280,0.0,0.0,0.0,0.0,0.0,0.0,100.0
119625,0.0,0.0,0.0,0.0,0.0,0.0,100.0
78668,,,,,,,
29519,0.0,0.0,0.0,0.0,74.07407407407408,0.0,25.925925925925927
95060,8.748221906116642,0.0,2.4893314366998576,0.0,0.5689900426742532,1.9914651493598863,86.20199146514936
111444,,,,,,,
168791,0.0,0.0,0.0,0.0,0.0,0.0,100.0
21338,,,,,,,
54109,,,,,,,
152412,0.0,0.0,0.0,100.0,0.0,0.0,0.0
86883,,,,,,,
37734,,,,,,,
70502,100.0,0.0,0.0,0.0,0.0,0.0,0.0
177003,,,,,,,
144232,,,,,,,
160617,,,,,,,
119661,,,,,,,
13169,67.6608187134503,0.0,0.8771929824561403,0.17543859649122806,5.087719298245614,3.508771929824561,22.690058479532162
95088,,,,,,,
103283,,,,,,,
127858,,,,,,,
4981,,,,,,,
78711,,,,,,,
70520,0.0,0.0,0.0,0.0,0.0,100.0,0.0
111480,0.0,0.0,0.0,0.0,0.0,0.0,100.0
13187,21.939953810623557,0.0,0.0,0.0,0.0,0.0,78.06004618937645
29573,0.0,0.0,0.0,0.0,0.0,0.0,100.0
160644,0.0,0.0,0.0,0.0,0.0,0.0,100.0
45959,,,,,,,
37770,,,,,,,
103309,,,,,,,
152467,,,,,,,
54163,,,,,,,
62360,0.0,0.0,0.0,0.0,0.0,0.0,100.0
86936,,,,,,,
127901,0.0,0.0,0.0,0.0,0.0,100.0,0.0
78748,0.0,0.0,0.0,0.0,0.0,0.0,100.0
70566,,,,,,,
136107,0.0,0.0,0.0,0.0,0.0,0.0,100.0
21418,,,,,,,
119723,0.0,0.0,0.0,0.0,0.0,0.0,100.0
160680,,,,,,,
144303,0.0,0.0,0.0,0.0,0.0,0.0,100.0
168880,0.0,0.0,0.0,0.0,0.0,0.0,100.0
95159,0.0,0.0,0.0,0.0,0.0,13.333333333333334,86.66666666666667
152500,0.0,0.0,0.0,100.0,0.0,0.0,0.0
103354,,,,,,,
62397,,,,,,,
37823,,,,,,,
111550,,,,,,,
46019,,,,,,,
127938,,,,,,,
136134,,,,,,,
119750,,,,,,,
103372,,,,,,,
21454,,,,,,,
86990,3.543307086614173,0.0,0.3937007874015748,0.0,0.0,0.0,96.06299212598425
177101,,,,,,,
152528,,,,,,,
160724,0.0,0.0,0.0,0.0,0.0,0.0,100.0
37850,,,,,,,
13276,0.0,0.0,0.0,0.0,68.0,0.0,32.0
29662,,,,,,,
144349,,,,,,,
111587,,,,,,,
62440,0.0,0.0,0.0,0.0,0.0,18.0327868852459,81.9672131147541
70637,0.0,0.0,0.0,0.0,0.0,0.0,100.0
78828,0.0,0.0,0.0,0.0,0.0,0.0,100.0
103407,,,,,,,
127983,0.0,0.0,0.0,0.0,0.0,0.0,100.0
5103,,,,,,,
13301,0.0,0.0,0.0,0.0,0.0,0.0,100.0
152564,,,,,,,
119803,,,,,,,
144376,,,,,,,
54270,0.0,0.0,0.0,0.0,0.0,0.0,100.0
21506,0.0,0.0,0.0,0.0,0.0,0.0,100.0
168960,,,,,,,
136198,,,,,,,
152582,,,,,,,
95239,0.0,0.0,0.0,0.0,0.0,0.0,100.0
160779,,,,,,,
70673,,,,,,,
87059,0.0,0.0,0.0,0.0,0.0,0.0,100.0
103443,0.0,0.0,0.0,0.0,0.0,100.0,0.0
62486,,,,,,,
37912,,,,,,,
78873,,,,,,,
144410,,,,,,,
29724,,,,,,,
46108,,,,,,,
54305,,,,,,,
87077,0.0,0.0,0.0,0.0,0.0,0.0,100.0
152617,,,,,,,
5167,,,,,,,
103470,,,,,,,
119858,,,,,,,
136241,0.0,0.0,0.0,0.0,0.0,0.0,100.0
13365,8.4375,0.0,45.3125,0.0,0.0,1.5625,44.6875
128052,,,,,,,
21560,0.0,0.0,0.0,0.0,0.0,0.0,100.0
136250,,,,,,,
95293,22.5,0.0,0.0,0.0,0.0,0.0,77.5
160831,0.0,0.0,0.0,0.0,0.0,100.0,0.0
29760,0.0,100.0,0.0,0.0,0.0,0.0,0.0
111685,,,,,,,
37958,,,,,,,
70726,,,,,,,
62538,,,,,,,
144456,,,,,,,
169039,,,,,,,
54350,,,,,,,
78926,,,,,,,
136269,100.0,0.0,0.0,0.0,0.0,0.0,0.0
13392,84.03908794788273,0.0,0.0,0.0,0.0,0.0,15.960912052117264
136278,,,,,,,
152662,,,,,,,
177236,0.0,0.0,0.0,0.0,0.0,100.0,0.0
119894,,,,,,,
103513,,,,,,,
70744,0.0,0.0,0.0,0.0,0.0,0.0,100.0
5210,0.0,0.0,0.0,0.0,100.0,0.0,0.0
21597,,,,,,,
87139,,,,,,,
46180,,,,,,,
128105,,,,,,,
177263,,,,,,,
160877,,,,,,,
54387,0.0,0.0,0.0,0.0,0.0,0.0,100.0
29813,0.0,0.0,0.0,0.0,0.0,0.0,100.0
95355,50.0,0.0,0.0,0.0,0.0,0.0,50.0
144508,,,,,,,
87175,0.0,0.0,0.0,0.0,0.0,22.80701754385965,77.19298245614036
54412,,,,,,,
160911,,,,,,,
103568,,,,,,,
62609,,,,,,,
144535,,,,,,,
152724,,,,,,,
79004,0.0,0.0,0.0,0.0,0.0,0.0,100.0
169119,,,,,,,
95391,85.17397881996975,0.0,0.0,0.0,0.0,2.4205748865355523,12.405446293494705
21668,,,,,,,
111783,0.0,0.0,0.0,0.0,0.0,100.0,0.0
119974,,,,,,,
46251,,,,,,,
144553,100.0,0.0,0.0,0.0,0.0,0.0,0.0
38063,0.0,0.0,0.0,0.0,25.454545454545453,70.9090909090909,3.6363636363636362
13490,7.8125,0.0,0.625,0.0,9.6875,0.0,81.875
87219,14.285714285714286,0.0,0.0,0.0,0.0,0.0,85.71428571428571
128178,,,,,,,
152760,0.0,0.0,0.0,0.0,15.789473684210526,0.0,84.21052631578948
5309,0.0,0.0,0.0,0.0,0.0,0.0,100.0
177352,0.0,0.0,0.0,0.0,0.0,0.0,100.0
111818,,,,,,,
29902,0.0,0.0,6.666666666666667,0.0,0.0,0.0,93.33333333333333
87246,,,,,,,
62672,0.0,0.0,0.0,0.0,0.0,0.0,100.0
13524,0.0,0.0,100.0,0.0,0.0,0.0,0.0
54485,,,,,,,
144599,,,,,,,
103639,,,,,,,
5336,0.0,0.0,0.0,0.0,0.0,0.0,100.0
21720,,,,,,,
128221,,,,,,,
169182,,,,,,,
70879,,,,,,,
152797,,,,,,,
160993,,,,,,,
54500,,,,,,,
79077,,,,,,,
144615,,,,,,,
46313,0.0,0.0,0.0,0.0,0.0,0.0,100.0
95471,3.0927835051546393,0.0,0.0,1.0309278350515463,0.0,0.0,95.87628865979381
70897,,,,,,,
62707,,,,,,,
111863,,,,,,,
87291,33.91812865497076,0.0,0.0,0.0,0.0,0.0,66.08187134502924
29948,0.0,0.0,0.0,0.0,0.0,0.0,100.0
21757,,,,,,,
177405,,,,,,,
54537,,,,,,,
144651,,,,,,,
161035,0.0,0.0,0.0,0.0,0.0,0.0,100.0
95499,,,,,,,
103693,,,,,,,
120076,,,,,,,
38161,0.0,0.0,0.0,0.0,0.0,100.0,0.0
70940,,,,,,,
161053,,,,,,,
136483,61.49193548387097,0.0,0.13440860215053763,1.0080645161290323,4.099462365591398,1.2768817204301075,31.989247311827956
152868,,,,,,,
169253,,,,,,,
46377,,,,,,,
62761,,,,,,,
128301,,,,,,,
54573,,,,,,,
111916,0.0,0.0,0.0,0.0,0.0,0.0,100.0
79157,,,,,,,
13622,0.0,0.0,19.32367149758454,0.0,0.966183574879227,0.0,79.71014492753623
70968,,,,,,,
30014,0.0,0.0,0.0,0.0,0.0,100.0,0.0
177469,,,,,,,
87362,0.0,0.0,0.0,0.0,0.0,0.0,100.0
152902,0.0,0.0,0.0,2.7777777777777777,0.0,44.44444444444444,52.77777777777778
70986,,,,,,,
120138,,,,,,,
144713,0.0,0.0,0.0,0.0,0.0,0.0,100.0
136526,8.507462686567164,0.0,0.14925373134328357,41.791044776119406,0.44776119402985076,6.417910447761194,42.6865671641791
62798,,,,,,,
161106,0.0,0.0,0.0,0.0,0.0,100.0,0.0
103764,,,,,,,
169306,0.0,0.0,0.0,0.0,0.0,0.0,100.0
54617,,,,,,,
144731,0.0,0.0,100.0,0.0,0.0,0.0,0.0
21855,0.0,0.0,0.0,0.0,0.0,100.0,0.0
38241,,,,,,,
13668,2.569169960474308,0.0,0.0,0.0,97.43083003952569,0.0,0.0
46439,,,,,,,
62823,,,,,,,
136553,0.0,0.0,0.0,0.0,0.0,100.0,0.0
120174,,,,,,,
161133,,,,,,,
111989,,,,,,,
30069,0.0,0.0,0.0,0.0,0.0,0.0,100.0
152948,,,,,,,
128374,20.0,0.0,0.0,0.0,0.0,0.0,80.0
95612,,,,,,,
161151,,,,,,,
87424,0.0,0.0,0.0,0.0,0.0,0.0,100.0
21891,,,,,,,
79237,,,,,,,
169351,,,,,,,
71055,,,,,,,
46484,,,,,,,
136599,3.4482758620689653,0.0,6.896551724137931,0.0,0.0,10.344827586206897,79.3103448275862
177557,,,,,,,
144795,0.0,0.0,0.0,0.0,0.0,0.0,100.0
161179,0.0,0.0,0.0,0.0,100.0,0.0,0.0
120218,,,,,,,
62878,,,,,,,
112030,,,,,,,
152993,,,,,,,
54699,0.0,0.0,0.0,0.0,100.0,0.0,0.0
38321,,,,,,,
95667,,,,,,,
128436,,,,,,,
62903,0.0,0.0,0.0,0.0,0.0,0.0,100.0
103862,,,,,,,
13757,1.075268817204301,0.0,41.935483870967744,0.0,0.0,0.5376344086021505,56.45161290322581
169404,,,,,,,
120254,,,,,,,
136642,4.0,0.0,0.0,0.0,0.0,20.0,76.0
153026,,,,,,,
177600,,,,,,,
30149,0.0,0.0,0.0,0.0,0.0,100.0,0.0
5577,,,,,,,
79308,0.0,0.0,0.0,0.0,0.0,0.0,100.0
112076,,,,,,,
161231,,,,,,,
21971,,,,,,,
71126,0.0,0.0,0.0,0.0,0.0,100.0,0.0
128472,,,,,,,
46554,,,,,,,
103899,0.0,0.0,100.0,0.0,0.0,0.0,0.0
144866,,,,,,,
153062,,,,,,,
62949,,,,,,,
38376,,,,,,,
161259,,,,,,,
177655,,,,,,,
13819,0.0,0.0,0.0,0.0,0.0,0.0,100.0
120316,,,,,,,
144893,,,,,,,
112129,,,,,,,
95747,0.0,0.0,0.0,0.0,0.0,0.0,100.0
79362,,,,,,,
161286,0.0,0.0,0.0,0.0,37.5,0.0,62.5
62985,,,,,,,
136713,0.0,0.0,100.0,0.0,0.0,0.0,0.0
128524,0.0,0.0,0.0,0.0,0.0,0.0,100.0
153106,,,,,,,
161302,0.0,0.0,0.0,0.0,3.7037037037037037,96.29629629629629,0.0
30229,,,,,,,
120343,,,,,,,
87576,0.0,71.9047619047619,0.0,0.0,0.0,0.0,28.095238095238095
103960,,,,,,,
71199,,,,,,,
144928,0.0,0.0,100.0,0.0,0.0,0.0,0.0
153124,,,,,,,
22059,,,,,,,
79406,,,,,,,
95792,,,,,,,
128560,0.0,0.0,0.0,0.0,0.0,100.0,0.0
120370,0.0,0.0,0.0,0.0,0.0,0.0,100.0
38456,,,,,,,
103997,,,,,,,
177726,,,,,,,
153151,,,,,,,
30274,0.0,0.0,0.0,0.0,0.0,100.0,0.0
136768,,,,,,,
13891,,,,,,,
5700,0.0,0.0,0.0,0.0,0.0,100.0,0.0
63045,,,,,,,
144964,,,,,,,
161348,38.46153846153846,0.0,0.0,0.0,61.53846153846154,0.0,0.0
169547,,,,,,,
128588,0.0,0.0,0.0,0.0,0.0,100.0,0.0
87638,30.864197530864196,0.0,0.0,0.0,0.0,27.160493827160494,41.97530864197531
38492,0.0,0.0,0.0,0.0,100.0,0.0,0.0
71260,0.0,0.0,0.0,0.0,0.0,0.0,100.0
144991,,,,,,,
22111,,,,,,,
63072,,,,,,,
136802,,,,,,,
177762,,,,,,,
128613,,,,,,,
161384,0.0,0.0,0.0,0.0,58.333333333333336,41.666666666666664,0.0
169583,,,,,,,
104047,,,,,,,
13935,,,,,,,
87665,0.0,0.0,11.278195488721805,0.0,0.0,0.0,88.7218045112782
112245,,,,,,,
153204,,,,,,,
5755,,,,,,,
30336,,,,,,,
95872,0.0,0.0,0.0,0.0,0.0,4.761904761904762,95.23809523809524
177799,,,,,,,
112263,,,,,,,
79497,,,,,,,
38544,,,,,,,
145042,,,,,,,
104083,,,,,,,
128659,,,,,,,
136848,0.0,0.0,100.0,0.0,0.0,0.0,0.0
63125,0.0,0.0,0.0,0.0,0.0,0.0,100.0
22166,0.0,0.0,0.0,0.0,0.0,0.0,100.0
153240,,,,,,,
120478,100.0,0.0,0.0,0.0,0.0,0.0,0.0
120487,0.0,0.0,0.0,0.0,0.0,80.0,20.0
71340,0.0,0.0,0.0,0.0,0.0,0.0,100.0
13999,,,,,,,
63152,93.06930693069307,0.0,0.0,0.0,0.0,6.683168316831683,0.24752475247524752
177842,0.0,0.0,0.0,0.0,0.0,16.666666666666668,83.33333333333333
46769,0.0,0.0,100.0,0.0,0.0,0.0,0.0
120496,,,,,,,
38580,,,,,,,
104118,,,,,,,
120502,,,,,,,
63161,,,,,,,
161464,,,,,,,
120511,,,,,,,
54975,10.608020698576972,0.38809831824062097,7.147477360931436,0.0646830530401035,23.027166882276845,2.263906856403622,56.5006468305304
153277,,,,,,,
87745,0.0,0.0,0.0,0.0,84.375,0.0,15.625
5826,,,,,,,
63170,0.0,0.0,0.0,0.0,100.0,0.0,0.0
95943,0.0,0.0,0.0,0.0,0.0,100.0,0.0
128711,66.92913385826772,0.0,0.0,0.0,0.0,2.3622047244094486,30.708661417322833
161482,100.0,0.0,0.0,0.0,0.0,0.0,0.0
104136,7.373271889400922,0.0,0.0,0.0,5.0691244239631335,0.0,87.55760368663594
153295,,,,,,,
112334,,,,,,,
30416,0.0,0.0,0.0,0.0,0.0,0.0,100.0
145104,0.0,0.0,0.0,0.0,0.0,0.0,100.0
46803,0.0,0.0,0.0,0.0,0.0,0.0,100.0
169681,0.0,0.0,0.0,0.0,0.0,0.0,100.0
63189,0.0,0.0,0.0,0.0,0.0,50.0,50.0
136919,0.0,0.0,0.0,0.0,0.0,0.0,100.0
177879,,,,,,,
22237,,,,,,,
63198,,,,,,,
55008,1.1450381679389312,0.0,13.740458015267176,0.0,19.083969465648856,13.358778625954198,52.67175572519084
79585,,,,,,,
14049,,,,,,,
38633,,,,,,,
46830,,,,,,,
112370,,,,,,,
104181,,,,,,,
145140,,,,,,,
161525,,,,,,,
153339,0.0,0.0,0.0,0.0,0.0,100.0,0.0
96003,,,,,,,
14085,0.0,0.0,0.0,0.0,100.0,0.0,0.0
161543,,,,,,,
30470,,,,,,,
136964,,,,,,,
161552,,,,,,,
46867,0.0,0.0,100.0,0.0,0.0,0.0,0.0
55062,,,,,,,
38679,,,,,,,
161561,,,,,,,
71457,,,,,,,
104225,,,,,,,
87843,,,,,,,
79656,,,,,,,
153384,,,,,,,
63278,,,,,,,
145202,,,,,,,
104243,,,,,,,
63286,,,,,,,
153400,,,,,,,
96058,,,,,,,
46910,0.0,0.0,0.0,0.0,100.0,0.0,0.0
63294,0.0,0.0,0.0,0.0,0.0,0.0,100.0
177986,,,,,,,
55106,,,,,,,
63300,,,,,,,
145220,,,,,,,
137032,0.0,0.0,0.0,0.0,0.0,0.0,100.0
38731,0.0,0.0,0.0,0.0,0.0,0.0,100.0
104270,,,,,,,
112469,0.0,0.0,0.0,0.0,0.0,0.0,100.0
14165,0.0,0.0,0.0,0.0,0.0,100.0,0.0
63318,,,,,,,
63326,,,,,,,
71518,,,,,,,
153437,,,,,,,
128864,0.0,0.0,0.0,0.0,0.0,100.0,0.0
63334,,,,,,,
30568,0.0,0.0,0.0,0.0,0.0,0.0,100.0
22380,,,,,,,
96110,0.0,0.0,0.0,0.0,0.0,100.0,0.0
137069,0.0,0.0,0.0,0.0,0.0,0.0,100.0
71536,,,,,,,
128882,,,,,,,
55160,,,,,,,
79736,0.0,0.0,100.0,0.0,0.0,0.0,0.0
145275,,,,,,,
178046,,,,,,,
104323,,,,,,,
153473,0.0,0.0,0.0,0.0,0.0,98.95833333333333,1.0416666666666667
137103,,,,,,,
145293,100.0,0.0,0.0,0.0,0.0,0.0,0.0
96147,,,,,,,
104341,,,,,,,
71572,,,,,,,
120726,3.172978505629478,0.0,0.1023541453428864,0.0,19.037871033776867,2.3541453428863868,75.33265097236438
38811,,,,,,,
47006,,,,,,,
6048,0.0,0.0,0.0,0.0,0.0,0.0,100.0
153507,0.0,0.0,0.0,0.0,20.0,80.0,0.0
63394,12.47216035634744,0.0,0.0,0.0,39.198218262806236,5.567928730512249,42.761692650334076
112548,,,,,,,
137130,,,,,,,
169896,,,,,,,
71607,,,,,,,
30648,0.0,0.0,0.0,0.0,0.0,0.0,100.0
22460,,,,,,,
87996,0.0,0.0,0.0,0.0,0.0,0.0,100.0
14272,0.0,0.0,0.0,0.0,0.0,0.0,100.0
38848,0.0,0.0,0.0,0.0,0.0,0.0,100.0
96192,0.0,0.0,0.0,0.0,0.0,100.0,0.0
104387,,,,,,,
120771,82.9113924050633,0.0,1.2658227848101267,0.0,0.0,0.0,15.822784810126583
128962,,,,,,,
153543,,,,,,,
178117,,,,,,,
145355,,,,,,,
71634,0.0,0.0,0.0,100.0,0.0,0.0,0.0
63447,6.598984771573604,0.0,1.015228426395939,0.0,79.18781725888324,0.0,13.197969543147208
22488,,,,,,,
112600,0.0,0.0,0.0,0.0,0.0,100.0,0.0
55259,0.5208333333333334,0.0,0.0,0.0,0.0,2.6041666666666665,96.875
79834,,,,,,,
153561,0.0,0.0,0.0,0.0,0.0,0.0,100.0
137185,0.0,0.0,0.0,0.0,0.0,100.0,0.0
104421,,,,,,,
145382,,,,,,,
6119,,,,,,,
47079,,,,,,,
38893,,,,,,,
55277,99.61977186311788,0.0,0.0,0.0,0.0,0.0,0.38022813688212925
88047,,,,,,,
153589,,,,,,,
120824,43.90243902439025,0.0,0.0,14.634146341463415,0.0,0.0,41.46341463414634
30719,0.0,0.0,0.0,0.0,0.0,0.0,100.0
96254,0.0,0.0,0.0,0.0,0.0,0.0,100.0
161794,10.612244897959183,0.0,0.0,48.97959183673469,13.061224489795919,0.8163265306122449,26.53061224489796
145408,0.0,0.0,0.0,0.0,100.0,0.0,0.0
178180,0.0,0.0,0.0,0.0,0.0,100.0,0.0
153605,0.0,0.0,0.0,100.0,0.0,0.0,0.0
169994,,,,,,,
55311,,,,,,,
137229,0.0,0.0,0.0,0.0,0.0,0.0,100.0
14352,,,,,,,
129040,,,,,,,
71698,0.0,0.0,0.0,0.0,0.0,100.0,0.0
6164,,,,,,,
153623,,,,,,,
112664,,,,,,,
88092,,,,,,,
120860,0.0,0.0,0.0,0.0,0.0,28.635346756152124,71.36465324384787
104485,,,,,,,
63526,0.0,0.0,3.5714285714285716,0.0,71.42857142857143,0.0,25.0
161829,62.365591397849464,0.0,0.0,0.0,0.0,0.0,37.634408602150536
71723,,,,,,,
22576,,,,,,,
30773,,,,,,,
47159,,,,,,,
137274,0.0,0.0,0.0,0.0,0.0,0.0,100.0
120888,0.0,0.0,0.0,0.0,0.0,1.639344262295082,98.36065573770492
55357,0.0,0.0,0.0,2.2123893805309733,0.0,0.0,97.78761061946902
79932,,,,,,,
145471,,,,,,,
63553,0.0,0.0,0.0,0.0,0.0,0.0,100.0
161856,0.0,0.0,0.0,0.0,0.0,100.0,0.0
14405,,,,,,,
38982,0.0,0.0,0.0,0.0,0.0,100.0,0.0
104519,,,,,,,
129095,,,,,,,
6217,0.0,0.0,0.0,0.0,0.0,0.0,100.0
137292,,,,,,,
96334,,,,,,,
47186,,,,,,,
129111,0.0,0.0,0.0,0.0,0.0,100.0,0.0
55384,32.773109243697476,0.0,0.0,0.0,0.0,0.0,67.22689075630252
145499,,,,,,,
120922,0.0,0.0,0.0,0.0,0.0,100.0,0.0
63580,66.66666666666667,0.0,0.0,0.0,0.0,0.0,33.333333333333336
153696,,,,,,,
104546,0.0,0.0,0.0,0.0,0.0,0.0,100.0
178279,0.0,0.0,0.0,0.0,0.0,0.0,100.0
112744,,,,,,,
71787,,,,,,,
14450,,,,,,,
129139,,,,,,,
96370,,,,,,,
170097,,,,,,,
30844,0.0,0.0,0.0,0.0,0.0,0.0,100.0
6271,,,,,,,
112771,,,,,,,
71812,,,,,,,
104582,,,,,,,
22665,,,,,,,
120968,0.0,0.0,0.0,0.0,0.0,0.0,100.0
39051,100.0,0.0,0.0,0.0,0.0,0.0,0.0
178313,,,,,,,
63633,0.0,0.0,0.0,0.0,79.06976744186046,0.0,20.930232558139537
137363,,,,,,,
55446,29.78723404255319,0.0,2.127659574468085,0.0,0.0,0.0,68.08510638297872
30871,0.0,0.0,0.0,0.0,100.0,0.0,0.0
88216,,,,,,,
161945,24.054758800521512,1.1734028683181226,2.542372881355932,9.973924380704041,8.670143415906129,41.720990873533246,11.864406779661017
129184,,,,,,,
96423,,,,,,,
112806,,,,,,,
80043,,,,,,,
55473,0.0,0.0,0.0,0.0,100.0,0.0,0.0
153776,,,,,,,
71858,,,,,,,
104635,,,,,,,
170168,,,,,,,
137407,0.0,0.0,0.0,0.0,0.0,0.0,100.0
22718,,,,,,,
145603,,,,,,,
30915,0.0,0.0,0.0,0.0,0.0,0.0,100.0
47300,,,,,,,
88261,,,,,,,
63688,21.21212121212121,0.0,0.0,0.0,0.0,0.0,78.78787878787878
178377,100.0,0.0,0.0,0.0,0.0,0.0,0.0
71885,,,,,,,
39122,,,,,,,
162014,0.0,0.0,0.0,0.0,0.0,100.0,0.0
121055,9.424083769633508,0.0,1.5706806282722514,0.0,28.272251308900522,0.0,60.73298429319372
96478,,,,,,,
129246,,,,,,,
137443,,,,,,,
71910,0.0,0.0,0.0,0.0,0.0,100.0,0.0
153829,0.0,0.0,0.0,0.0,100.0,0.0,0.0
47337,,,,,,,
104680,,,,,,,
112879,,,,,,,
170220,,,,,,,
14584,,,,,,,
80123,,,,,,,
63740,10.989010989010989,0.0,17.582417582417584,0.0,1.098901098901099,0.0,70.32967032967034
6397,,,,,,,
22781,0.0,0.0,0.0,0.0,0.0,9.090909090909092,90.9090909090909
39168,,,,,,,
145667,0.0,0.0,0.0,0.0,0.0,23.076923076923077,76.92307692307692
129282,,,,,,,
112904,,,,,,,
104715,,,,,,,
153865,,,,,,,
30988,0.0,0.0,0.0,0.0,0.0,23.529411764705884,76.47058823529412
47373,0.0,0.0,0.0,0.0,0.0,4.395604395604396,95.6043956043956
71956,0.0,0.0,0.0,0.0,0.0,0.0,100.0
121108,0.0,0.0,0.0,0.0,0.0,0.0,100.0
162069,,,,,,,
88350,,,,,,,
63777,0.0,0.0,0.0,0.0,0.0,0.0,100.0
137504,0.0,0.0,0.0,0.0,15.789473684210526,0.0,84.21052631578948
31011,0.0,0.0,84.21052631578948,0.0,0.0,0.0,15.789473684210526
129317,0.0,0.0,0.0,0.0,0.0,0.0,100.0
178475,,,,,,,
55598,,,,,,,
104751,,,,,,,
22834,0.0,0.0,0.0,0.0,0.0,100.0,0.0
39220,,,,,,,
153909,,,,,,,
47417,,,,,,,
63802,0.0,0.0,0.0,0.0,100.0,0.0,0.0
112959,,,,,,,
121153,,,,,,,
6468,0.0,0.0,0.0,0.0,0.0,0.0,100.0
72007,0.0,0.0,0.0,2.9411764705882355,0.0,64.70588235294117,32.35294117647059
137540,,,,,,,
55623,,,,,,,
145738,,,,,,,
96593,,,,,,,
14673,,,,,,,
31057,,,,,,,
153936,,,,,,,
104788,100.0,0.0,0.0,0.0,0.0,0.0,0.0
47453,,,,,,,
39266,0.0,0.0,0.0,0.0,0.0,100.0,0.0
112995,,,,,,,
72034,,,,,,,
129380,,,,,,,
145765,0.0,0.0,0.0,0.0,0.0,0.0,100.0
162149,0.0,0.0,0.0,0.0,0.0,100.0,0.0
170346,,,,,,,
22898,0.0,0.0,0.0,0.0,0.0,0.0,100.0
178545,,,,,,,
72052,,,,,,,
153972,,,,,,,
80249,,,,,,,
63866,,,,,,,
96637,,,,,,,
104831,0.0,0.0,0.0,0.0,0.0,0.0,100.0
88449,0.0,0.0,0.0,0.0,0.0,0.0,100.0
145792,0.0,0.0,0.0,0.0,5.128205128205129,0.0,94.87179487179488
14726,,,,,,,
55687,43.08755760368663,0.0,0.0,0.0,16.820276497695854,0.0,40.09216589861751
137611,,,,,,,
162194,,,,,,,
6547,,,,,,,
63893,0.0,0.0,0.0,0.0,0.0,4.545454545454546,95.45454545454545
31128,0.0,0.0,0.0,0.0,0.0,2.4390243902439024,97.5609756097561
96664,,,,,,,
121242,0.0,0.0,100.0,0.0,0.0,0.0,0.0
80285,0.0,0.0,0.0,0.0,0.0,0.0,100.0
22941,,,,,,,
154013,,,,,,,
39328,0.0,0.0,0.0,0.0,100.0,0.0,0.0
14753,0.0,0.0,0.0,0.0,100.0,0.0,0.0
145827,4.6875,0.0,0.0,0.0,0.0,0.0,95.3125
72098,0.0,0.0,0.0,0.0,0.0,100.0,0.0
178607,,,,,,,
129460,,,,,,,
104886,,,,,,,
6592,0.0,0.0,0.0,0.0,100.0,0.0,0.0
63937,,,,,,,
137675,0.0,0.0,0.0,0.0,0.0,0.0,100.0
96717,,,,,,,
170444,,,,,,,
121297,,,,,,,
154068,,,,,,,
72150,,,,,,,
47578,,,,,,,
129503,,,,,,,
39391,,,,,,,
55776,0.0,0.0,0.0,0.0,0.0,0.0,100.0
6627,0.0,0.0,0.0,0.0,0.0,0.0,100.0
88546,,,,,,,
31208,,,,,,,
80365,,,,,,,
145907,,,,,,,
39417,,,,,,,
121340,,,,,,,
113153,,,,,,,
137728,100.0,0.0,0.0,0.0,0.0,0.0,0.0
14851,,,,,,,
178689,,,,,,,
64005,,,,,,,
23047,,,,,,,
145934,0.0,0.0,0.0,0.0,0.0,0.0,100.0
47630,,,,,,,
104975,,,,,,,
137746,0.0,0.0,0.0,0.0,0.0,0.0,100.0
170514,,,,,,,
162327,0.0,0.0,0.0,100.0,0.0,0.0,0.0
154139,,,,,,,
72221,0.0,0.0,0.0,0.0,0.0,100.0,0.0
31262,0.0,0.0,0.0,0.0,0.0,0.0,100.0
55838,0.0,0.0,0.0,0.0,65.21739130434783,0.0,34.78260869565217
129567,,,,,,,
137764,0.0,0.0,0.0,0.0,0.0,0.0,100.0
64041,24.0,0.0,0.0,0.0,0.0,0.0,76.0
80427,,,,,,,
121386,,,,,,,
145961,,,,,,,
96815,,,,,,,
129585,,,,,,,
154166,0.0,0.0,0.0,0.0,100.0,0.0,0.0
113206,,,,,,,
178750,,,,,,,
105026,0.0,0.0,0.0,0.0,0.0,100.0,0.0
88644,,,,,,,
14922,,,,,,,
154184,,,,,,,
145998,0.0,0.0,0.0,0.0,0.0,0.0,100.0
162381,,,,,,,
113233,,,,,,,
72276,,,,,,,
23127,,,,,,,
14940,0.0,0.0,0.0,0.0,0.0,100.0,0.0
129629,0.0,0.0,0.0,0.0,0.0,0.0,100.0
146012,0.0,0.0,0.0,0.0,0.0,0.0,100.0
64096,,,,,,,
31333,0.0,0.0,0.0,0.0,0.0,0.0,100.0
146021,,,,,,,
6761,0.0,0.0,0.0,0.0,0.0,0.0,100.0
39532,,,,,,,
55918,,,,,,,
137844,0.0,0.0,0.0,0.0,0.0,0.0,100.0
154228,,,,,,,
170612,,,,,,,
96888,,,,,,,
129656,0.0,0.0,0.0,0.0,0.0,100.0,0.0
80506,0.0,0.0,0.0,0.0,0.0,0.0,100.0
121466,,,,,,,
64130,0.0,0.0,0.0,0.0,0.0,0.0,100.0
178821,0.0,0.0,0.0,0.0,0.0,81.81818181818181,18.181818181818183
96904,,,,,,,
31379,,,,,,,
105106,,,,,,,
162452,,,,,,,
47774,0.0,0.0,0.0,0.0,100.0,0.0,0.0
23207,,,,,,,
154282,,,,,,,
137899,0.0,0.0,100.0,0.0,0.0,0.0,0.0
96940,,,,,,,
80560,0.0,0.0,0.0,0.0,0.0,0.0,100.0
105142,0.0,0.0,100.0,0.0,0.0,0.0,0.0
129718,,,,,,,
39612,,,,,,,
31422,,,,,,,
72383,,,,,,,
170685,,,,,,,
162498,,,,,,,
64194,0.0,0.0,0.0,0.0,0.0,0.0,100.0
154308,,,,,,,
178885,,,,,,,
105160,20.0,0.0,20.0,0.0,0.0,40.0,20.0
47818,,,,,,,
178894,,,,,,,
56014,,,,,,,
129745,,,,,,,
88788,,,,,,,
178901,0.0,0.0,0.0,0.0,0.0,0.0,100.0
15064,0.0,0.0,0.0,0.0,0.0,100.0,0.0
72409,0.0,0.0,0.0,0.0,0.0,0.0,100.0
178910,,,,,,,
129763,0.0,0.0,0.0,0.0,0.0,0.0,100.0
80613,,,,,,,
39658,,,,,,,
137960,,,,,,,
154344,,,,,,,
47854,,,,,,,
64238,0.0,0.0,0.0,0.0,0.0,0.0,100.0
97009,,,,,,,
113395,,,,,,,
178929,0.0,0.0,0.0,0.0,0.0,100.0,0.0
178938,0.0,0.0,0.0,0.0,0.0,100.0,0.0
23289,,,,,,,
162559,,,,,,,
178947,,,,,,,
15108,0.0,0.0,0.0,0.0,0.0,27.586206896551722,72.41379310344827
121607,,,,,,,
105222,,,,,,,
64265,,,,,,,
39694,,,,,,,
72463,,,,,,,
154380,,,,,,,
178956,,,,,,,
6930,0.0,0.0,0.0,0.0,0.0,100.0,0.0
31510,0.0,0.0,0.0,0.0,0.0,0.0,100.0
178965,,,,,,,
129816,,,,,,,
56096,,,,,,,
162595,,,,,,,
80677,0.0,0.0,0.0,0.0,0.0,0.0,100.0
88868,,,,,,,
97063,0.0,0.0,0.0,0.0,0.0,100.0,0.0
105259,,,,,,,
170792,0.0,0.0,0.0,0.0,0.0,100.0,0.0
47916,83.33333333333333,0.0,0.0,0.0,0.0,0.0,16.666666666666668
154415,,,,,,,
121652,0.0,0.0,0.0,0.0,0.0,0.0,100.0
138039,0.0,0.0,0.0,0.0,0.0,0.0,100.0
23350,,,,,,,
39738,0.0,0.0,0.0,0.0,100.0,0.0,0.0
72506,,,,,,,
113466,,,,,,,
64318,0.0,0.0,0.0,0.0,0.0,0.0,100.0
6976,,,,,,,
97090,,,,,,,
80711,,,,,,,
31565,,,,,,,
105295,,,,,,,
72533,,,,,,,
113493,,,,,,,
146263,12.740213523131672,0.0,0.0,0.0,61.35231316725979,6.192170818505338,19.715302491103202
64345,41.666666666666664,0.0,0.0,0.0,58.333333333333336,0.0,0.0
88920,,,,,,,
23387,0.0,0.0,0.0,0.0,0.0,0.0,100.0
154460,0.0,100.0,0.0,0.0,0.0,0.0,0.0
138084,,,,,,,
129898,0.0,0.0,0.0,0.0,0.0,0.0,100.0
146281,0.0,0.0,0.0,0.0,0.0,0.0,100.0
113518,,,,,,,
39792,0.0,0.0,0.0,0.0,95.04132231404958,0.0,4.958677685950414
31609,,,,,,,
170872,,,,,,,
129914,0.0,0.0,0.0,0.0,0.0,0.0,100.0
80766,,,,,,,
15233,,,,,,,
72579,,,,,,,
154497,0.0,0.0,0.0,100.0,0.0,0.0,0.0
7044,,,,,,,
105348,,,,,,,
121732,16.666666666666668,0.0,0.0,0.0,0.0,0.0,83.33333333333333
64390,,,,,,,
162693,,,,,,,
56210,0.0,0.0,0.0,0.0,11.11111111111111,0.0,88.88888888888889
48021,,,,,,,
146325,,,,,,,
23449,,,,,,,
154521,,,,,,,
39836,0.0,0.0,0.0,0.0,0.0,100.0,0.0
72604,,,,,,,
97189,,,,,,,
31654,0.0,0.0,0.0,0.0,0.0,0.0,100.0
105384,,,,,,,
64425,0.0,0.0,0.0,0.0,34.61538461538461,15.384615384615385,50.0
138164,0.0,0.0,0.0,0.0,0.0,0.0,100.0
7099,85.8267716535433,0.0,0.0,0.0,0.0,0.0,14.173228346456693
179132,22.178761651131826,2.929427430093209,11.617842876165113,3.5952063914780292,5.226364846870839,5.500998668442077,48.951398135818906
39872,,,,,,,
146370,,,,,,,
72640,0.0,0.0,0.0,0.0,0.0,30.76923076923077,69.23076923076923
129987,,,,,,,
89026,,,,,,,
121796,,,,,,,
23494,0.0,0.0,0.0,0.0,0.0,100.0,0.0
113607,0.0,0.0,0.0,0.0,0.0,0.0,100.0
56265,,,,,,,
105419,0.0,0.0,0.0,0.0,0.0,0.0,100.0
170952,0.0,0.0,0.0,0.0,100.0,0.0,0.0
64461,100.0,0.0,0.0,0.0,0.0,0.0,0.0
80846,,,,,,,
15313,,,,,,,
97241,,,,,,,
113625,,,,,,,
154585,0.0,0.0,0.0,0.0,0.0,0.0,100.0
138208,,,,,,,
31716,0.0,0.0,0.0,0.0,0.0,16.666666666666668,83.33333333333333
72677,,,,,,,
162791,,,,,,,
130026,0.0,0.0,0.0,0.0,0.0,100.0,0.0
105455,,,,,,,
64504,,,,,,,
89080,,,,,,,
146432,46.820809248554916,0.0,1.1560693641618498,0.0,49.71098265895954,2.3121387283236996,0.0
39942,,,,,,,
56327,,,,,,,
48138,0.0,0.0,0.0,0.0,100.0,0.0,0.0
80908,0.0,0.0,0.0,0.0,0.0,0.0,100.0
130062,,,,,,,
171021,0.0,0.0,0.0,0.0,0.0,0.0,100.0
121876,,,,,,,
39959,,,,,,,
179221,0.48154093097913325,0.0,1.7656500802568218,0.0,0.0,14.92776886035313,82.82504012841092
7197,,,,,,,
39967,0.0,0.0,0.0,0.0,0.0,0.0,100.0
56354,,,,,,,
113698,,,,,,,
48165,,,,,,,
39975,,,,,,,
97321,0.0,0.0,0.0,0.0,0.0,100.0,0.0
15402,0.0,0.0,100.0,0.0,0.0,0.0,0.0
138280,0.0,0.0,38.46153846153846,0.0,61.53846153846154,0.0,0.0
154665,,,,,,,
31789,,,,,,,
39983,,,,,,,
179249,4.545454545454546,0.0,4.545454545454546,0.0,0.0,0.0,90.9090909090909
162871,,,,,,,
64568,,,,,,,
171067,0.0,0.0,0.0,0.0,0.0,0.0,100.0
89151,0.0,0.0,0.0,0.0,0.0,0.0,100.0
105534,0.0,0.0,0.0,0.0,0.0,0.0,100.0
146502,8.794788273615636,0.0,0.6514657980456026,0.0,73.61563517915309,0.0,16.938110749185668
113732,,,,,,,
130124,0.0,0.0,0.0,0.0,0.0,100.0,0.0
121938,0.0,0.0,0.0,0.0,0.0,100.0,0.0
80980,,,,,,,
154709,,,,,,,
179285,50.33557046979866,0.0,0.0,0.0,0.0,29.30648769574944,20.3579418344519
15448,,,,,,,
64602,0.0,0.0,0.0,0.0,0.0,100.0,0.0
23644,,,,,,,
171101,,,,,,,
31841,,,,,,,
40035,,,,,,,
48227,,,,,,,
105570,68.13996316758748,0.0,0.0,26.887661141804788,0.0,4.6040515653775325,0.3683241252302026
56425,0.0,0.0,0.0,0.0,0.0,0.0,100.0
146539,28.09917355371901,0.0,0.0,0.0,0.0,0.0,71.90082644628099
179310,0.0,0.0,84.61538461538461,0.0,0.0,0.0,15.384615384615385
138351,0.0,0.0,0.0,0.0,0.0,0.0,100.0
162924,,,,,,,
72819,,,,,,,
154736,,,,,,,
97394,,,,,,,
64639,0.0,0.0,0.0,0.0,0.0,0.0,100.0
154754,,,,,,,
105605,0.0,0.0,0.0,0.0,0.0,100.0,0.0
15493,,,,,,,
31878,,,,,,,
56461,0.0,0.0,0.0,0.0,0.0,0.0,100.0
179347,60.526315789473685,0.0,39.473684210526315,0.0,0.0,0.0,0.0
105623,,,,,,,
89240,,,,,,,
146584,58.421052631578945,0.0,0.0,0.0,14.736842105263158,0.0,26.842105263157894
97438,,,,,,,
23715,93.10344827586206,0.0,0.0,0.0,0.0,6.896551724137931,0.0
154790,,,,,,,
122025,,,,,,,
31921,,,,,,,
72882,,,,,,,
7348,0.0,0.0,0.0,0.0,25.0,0.0,75.0
179383,46.15384615384615,0.0,0.0,0.0,0.0,0.0,53.84615384615385
130231,,,,,,,
97465,,,,,,,
113849,,,,,,,
163002,0.0,0.0,0.0,0.0,0.0,0.0,100.0
138431,0.0,0.0,0.0,0.0,0.0,0.0,100.0
15554,,,,,,,
48325,0.0,0.0,0.0,0.0,0.0,0.0,100.0
81095,,,,,,,
146628,66.31205673758865,0.0,0.0,0.0,0.0,0.0,33.687943262411345
56522,,,,,,,
171209,,,,,,,
122061,0.0,0.0,0.0,0.0,0.0,0.0,100.0
64719,,,,,,,
154834,0.0,0.0,0.0,100.0,0.0,0.0,0.0
179409,0.0,0.0,2.380952380952381,0.0,0.0,0.0,97.61904761904762
7384,100.0,0.0,0.0,0.0,0.0,0.0,0.0
146655,0.0,0.0,0.0,0.0,100.0,0.0,0.0
72926,0.0,0.0,0.0,0.0,0.0,0.0,100.0
154852,,,,,,,
113894,,,,,,,
31976,0.0,0.0,0.0,0.0,0.0,9.30232558139535,90.69767441860465
97517,,,,,,,
130286,,,,,,,
105712,,,,,,,
163057,,,,,,,
23797,0.0,0.0,0.0,0.0,0.0,0.0,100.0
130295,,,,,,,
56568,0.0,0.0,100.0,0.0,0.0,0.0,0.0
72953,,,,,,,
130302,,,,,,,
64773,0.0,0.0,0.0,0.0,0.0,100.0,0.0
89348,,,,,,,
179463,100.0,0.0,0.0,0.0,0.0,0.0,0.0
40198,20.700152207001523,0.0,0.228310502283105,0.076103500761035,14.535768645357686,0.076103500761035,64.38356164383562
130311,,,,,,,
138501,,,,,,,
113929,0.0,0.0,0.0,0.0,0.0,0.0,100.0
171272,,,,,,,
97553,,,,,,,
130320,0.0,0.0,0.0,0.0,0.0,100.0,0.0
72980,,,,,,,
122132,0.0,0.0,0.0,0.0,0.0,0.0,100.0
7446,,,,,,,
40214,0.0,0.0,0.0,0.0,0.0,0.0,100.0
146708,,,,,,,
32027,0.0,0.0,0.0,0.0,0.0,0.0,100.0
179481,50.0,0.0,0.0,0.0,0.0,0.0,50.0
154914,,,,,,,
81184,0.0,0.0,0.0,0.0,0.0,0.0,100.0
130339,,,,,,,
15652,,,,,,,
138538,,,,,,,
32045,,,,,,,
130348,,,,,,,
40241,85.59322033898304,0.0,0.0,0.0,0.0,0.0,14.40677966101695
105776,,,,,,,
73013,,,,,,,
130357,,,,,,,
154932,,,,,,,
113974,,,,,,,
179515,0.45871559633027525,0.0,3.944954128440367,0.0,0.0,85.5045871559633,10.091743119266056
64826,0.0,0.0,0.0,0.0,0.0,0.0,100.0
146744,0.0,0.0,0.0,0.0,62.37623762376238,0.0,37.62376237623762
23868,,,,,,,
130366,0.0,0.0,0.0,0.0,0.0,100.0,0.0
171325,100.0,0.0,0.0,0.0,0.0,0.0,0.0
105794,,,,,,,
163137,0.0,0.0,0.0,0.0,0.0,100.0,0.0
73031,0.0,0.0,0.0,0.0,0.0,32.432432432432435,67.56756756756756
130375,,,,,,,
97606,0.0,0.0,0.0,0.0,0.0,0.0,100.0
122187,,,,,,,
138574,0.0,0.0,0.0,0.0,0.0,100.0,0.0
179533,1.3054830287206267,0.0,0.0,0.0,0.391644908616188,0.391644908616188,97.911227154047
130384,,,,,,,
89428,,,,,,,
40278,27.848101265822784,0.0,1.8987341772151898,0.0,0.0,0.0,70.25316455696202
32090,,,,,,,
56666,,,,,,,
179551,0.0,0.0,2.112676056338028,0.0,8.450704225352112,20.422535211267604,69.01408450704226
154978,,,,,,,
105829,,,,,,,
48487,0.0,0.0,0.0,0.0,0.0,0.0,100.0
64871,,,,,,,
73068,0.0,0.0,0.0,0.0,0.0,0.0,100.0
146799,0.0,0.0,0.0,0.0,0.0,0.0,100.0
40303,0.0,0.0,0.0,0.0,0.0,0.0,100.0
81264,0.0,0.0,0.0,0.0,0.0,0.0,100.0
154996,,,,,,,
138618,0.0,0.0,0.0,0.0,0.0,0.0,100.0
15741,,,,,,,
179588,,,,,,,
122249,0.0,0.0,0.0,0.0,0.0,0.0,100.0
64906,,,,,,,
163208,,,,,,,
23948,,,,,,,
114060,,,,,,,
97679,0.0,0.0,0.0,0.0,91.30434782608695,0.0,8.695652173913043
73102,0.0,0.0,0.0,0.0,0.0,100.0,0.0
105874,,,,,,,
179604,,,,,,,
32153,0.0,0.0,0.0,0.0,0.0,0.0,100.0
114079,,,,,,,
179613,,,,,,,
32161,0.0,0.0,0.0,0.0,0.0,0.0,100.0
179622,0.0,0.0,0.0,0.0,0.0,0.0,100.0
138663,0.0,0.0,0.0,0.0,0.0,51.02040816326531,48.97959183673469
23975,0.0,0.0,0.0,0.0,0.0,0.0,100.0
122285,,,,,,,
48557,100.0,0.0,0.0,0.0,0.0,0.0,0.0
179631,,,,,,,
64942,83.33333333333333,0.0,0.0,0.0,0.0,16.666666666666668,0.0
146860,0.0,0.0,0.0,0.0,0.0,0.0,100.0
40367,0.0,0.0,0.0,0.0,0.0,0.0,100.0
32179,,,,,,,
105909,,,,,,,
163253,0.0,0.0,0.0,0.0,0.0,100.0,0.0
179640,,,,,,,
32187,,,,,,,
97722,,,,,,,
32195,0.0,0.0,0.0,0.0,0.0,51.06382978723404,48.93617021276596
56773,,,,,,,
32201,,,,,,,
179659,,,,,,,
155083,,,,,,,
40394,0.0,0.0,0.0,0.0,44.827586206896555,55.172413793103445,0.0
171469,,,,,,,
105936,,,,,,,
15830,0.0,0.0,0.0,0.0,0.0,0.0,100.0
155092,,,,,,,
89561,,,,,,,
146904,0.0,0.0,0.0,0.0,0.0,100.0,0.0
179677,0.0,0.0,0.0,0.0,0.0,0.0,100.0
24034,,,,,,,
179686,,,,,,,
64997,,,,,,,
81380,,,,,,,
130534,10.20979020979021,0.0,0.8391608391608392,1.8181818181818181,3.6363636363636362,11.048951048951048,72.44755244755245
155109,0.0,0.0,0.0,0.0,0.0,100.0,0.0
122347,0.0,0.0,0.0,0.0,0.0,0.0,100.0
138734,,,,,,,
155118,,,,,,,
179695,,,,,,,
97777,,,,,,,
146931,10.526315789473685,0.0,0.0,0.0,63.1578947368421,26.31578947368421,0.0
65011,,,,,,,
179702,,,,,,,
105972,0.0,0.0,0.0,0.0,0.0,0.0,100.0
155127,,,,,,,
40438,84.30034129692832,0.0,0.3412969283276451,0.0,0.0,0.0,15.358361774744028
130552,30.76923076923077,0.0,0.0,0.0,0.0,0.0,69.23076923076923
179711,,,,,,,
163324,,,,,,,
155136,,,,,,,
81415,0.0,0.0,0.0,0.0,0.0,0.0,100.0
179720,,,,,,,
155145,,,,,,,
56844,,,,,,,
138770,,,,,,,
155154,,,,,,,
40465,0.0,0.0,0.0,0.0,0.0,0.0,100.0
171539,0.0,0.0,0.0,0.0,0.0,0.0,100.0
97811,,,,,,,
65048,0.0,0.0,0.0,0.0,0.0,0.0,100.0
24089,0.0,0.0,0.0,0.0,0.0,0.0,100.0
179739,,,,,,,
122392,,,,,,,
15901,,,,,,,
73246,,,,,,,
179748,,,,,,,
48682,0.0,0.0,0.0,0.0,0.0,0.0,100.0
40492,0.7299270072992701,0.0,0.0,0.0,6.569343065693431,16.05839416058394,76.64233576642336
179757,,,,,,,
146995,,,,,,,
163379,,,,,,,
179766,,,,,,,
130614,,,,,,,
138805,,,,,,,
179775,,,,,,,
179784,,,,,,,
65099,,,,,,,
40526,92.85714285714286,0.0,0.0,0.0,0.0,0.0,7.142857142857143
65105,,,,,,,
97875,0.0,0.0,0.0,0.0,0.0,100.0,0.0
179793,,,,,,,
89687,,,,,,,
7767,,,,,,,
81497,,,,,,,
65113,0.0,0.0,0.0,0.0,2.0833333333333335,97.91666666666667,0.0
179800,,,,,,,
122463,0.0,0.0,0.0,0.0,0.0,100.0,0.0
147036,70.0,0.0,0.0,0.0,0.0,0.0,30.0
40544,,,,,,,
65121,,,,,,,
73317,,,,,,,
48744,100.0,0.0,0.0,0.0,0.0,0.0,0.0
179819,,,,,,,
155243,62.286105407255306,0.0,0.2737850787132101,0.9582477754962354,2.1218343600273784,0.37645448323066394,33.983572895277206
147054,,,,,,,
171628,,,,,,,
15983,0.0,0.0,0.0,0.0,0.0,100.0,0.0
65139,,,,,,,
73335,,,,,,,
179828,,,,,,,
130678,0.0,0.0,0.0,0.0,0.0,0.0,100.0
138869,,,,,,,
24187,0.0,0.0,0.0,0.0,0.0,100.0,0.0
65147,,,,,,,
97919,0.0,0.0,0.0,0.0,0.0,0.0,100.0
179837,,,,,,,
155261,50.495049504950494,0.0,0.49504950495049505,0.0,0.0,0.0,49.00990099009901
7810,0.0,0.0,0.0,0.0,0.0,16.666666666666668,83.33333333333333
65154,,,,,,,
147072,0.0,0.0,0.0,0.0,100.0,0.0,0.0
48771,0.0,0.0,0.0,0.0,0.0,100.0,0.0
179846,0.0,0.0,0.0,0.0,0.0,0.0,100.0
32394,36.7854183927092,0.0,0.0,0.0,27.506213753106877,0.0,35.708367854183926
179855,,,,,,,
114319,48.886138613861384,0.0,0.18564356435643564,0.0,18.13118811881188,0.49504950495049505,32.301980198019805
130712,0.0,0.0,0.0,0.0,0.0,0.0,100.0
73371,0.0,0.0,0.0,0.0,0.0,40.0,60.0
179864,,,,,,,
155289,0.0,0.0,0.0,0.0,0.0,0.0,100.0
56988,,,,,,,
163486,,,,,,,
40606,0.0,0.0,0.0,0.0,0.0,0.0,100.0
179873,,,,,,,
179882,0.0,0.0,0.0,0.0,0.0,100.0,0.0
81576,,,,,,,
138921,,,,,,,
155314,98.6046511627907,0.46511627906976744,0.9302325581395349,0.0,0.0,0.0,0.0
179891,0.0,0.0,0.0,0.0,0.0,0.0,100.0
114355,0.0,0.0,0.0,0.0,0.0,0.0,100.0
122551,,,,,,,
7865,0.0,0.0,0.0,0.0,0.0,0.0,100.0
40633,0.0,0.0,20.0,0.0,0.0,0.0,80.0
147134,100.0,0.0,0.0,0.0,0.0,0.0,0.0
179908,0.0,0.0,0.0,0.0,100.0,0.0,0.0
89801,0.0,0.0,0.0,0.0,0.0,100.0,0.0
48842,0.0,0.0,0.0,0.0,0.0,100.0,0.0
179917,,,,,,,
114382,0.0,0.0,0.0,0.0,0.0,0.0,100.0
24276,,,,,,,
179926,,,,,,,
155350,0.8333333333333334,0.0,0.0,15.0,0.0,13.333333333333334,70.83333333333333
147161,,,,,,,
179935,0.0,0.0,0.0,0.0,0.0,100.0,0.0
130785,98.87005649717514,0.0,0.0,0.0,0.0,0.0,1.1299435028248588
32483,0.0,0.0,0.0,0.0,2.2222222222222223,26.666666666666668,71.11111111111111
179944,,,,,,,
40688,,,,,,,
114417,0.0,0.0,0.0,0.0,0.0,0.0,100.0
179953,,,,,,,
122613,,,,,,,
73460,,,,,,,
179962,0.0,0.0,0.0,100.0,0.0,0.0,0.0
81656,,,,,,,
57083,0.0,0.0,0.0,0.0,0.0,0.0,100.0
40704,0.0,0.0,0.0,0.0,0.0,0.0,100.0
89856,,,,,,,
179971,,,,,,,
98051,0.0,0.0,0.0,0.0,0.0,0.0,100.0
139009,0.0,0.0,0.0,0.0,0.0,0.0,100.0
16132,,,,,,,
147205,,,,,,,
7945,0.0,0.0,0.0,0.0,0.0,0.0,100.0
155403,,,,,,,
179980,,,,,,,
24338,,,,,,,
114453,15.841584158415841,0.0,0.0,0.0,68.31683168316832,0.0,15.841584158415841
48922,,,,,,,
171806,,,,,,,
179999,,,,,,,
73503,0.0,0.0,0.0,0.0,0.0,0.0,100.0
130847,0.0,0.0,0.0,0.0,16.666666666666668,3.3854166666666665,79.94791666666667
32544,0.0,0.0,18.75,0.0,50.0,6.25,25.0
163618,0.0,0.0,0.0,0.0,100.0,0.0,0.0
180000,,,,,,,
147241,,,,,,,
139054,,,,,,,
122668,,,,,,,
180019,,,,,,,
65342,5.547445255474453,0.0,0.291970802919708,0.0,17.81021897810219,0.583941605839416,75.76642335766424
180028,0.0,0.0,0.0,0.0,0.0,100.0,0.0
40768,,,,,,,
98113,,,,,,,
155458,0.0,0.0,0.0,0.0,0.0,0.0,100.0
180037,,,,,,,
48968,0.0,0.0,100.0,0.0,0.0,0.0,0.0
57163,,,,,,,
180046,,,,,,,
130892,0.0,0.0,0.0,0.0,0.0,0.0,100.0
8014,,,,,,,
106318,43.03466317854807,0.0,0.0,0.3924133420536298,3.4009156311314586,3.4009156311314586,49.77109221713538
122702,,,,,,,
114514,13.832199546485262,0.0,0.0,0.0,75.73696145124717,0.0,10.430839002267573
180055,100.0,0.0,0.0,0.0,0.0,0.0,0.0
32599,0.0,0.0,0.0,0.0,0.0,0.0,100.0
81754,,,,,,,
73567,0.0,0.0,0.0,0.0,0.0,100.0,0.0
139107,0.0,0.0,0.0,0.0,0.0,0.0,100.0
180064,,,,,,,
65379,76.1006289308176,0.0,0.0,0.0,0.0,0.0,23.89937106918239
89954,,,,,,,
163681,,,,,,,
155494,0.0,0.0,0.0,0.0,17.647058823529413,0.0,82.3529411764706
171879,0.0,0.0,0.0,0.0,0.0,0.0,100.0
24427,,,,,,,
40820,,,,,,,
32633,,,,,,,
98168,,,,,,,
180091,0.0,0.0,0.0,0.0,0.0,0.0,100.0
106363,0.0,0.0,0.0,0.0,0.0,0.0,100.0
49019,,,,,,,
73594,,,,,,,
65413,0.0,0.0,0.0,0.0,0.0,0.0,100.0
139143,,,,,,,
57225,,,,,,,
155528,0.0,0.0,14.285714285714286,0.0,0.0,9.523809523809524,76.19047619047619
130954,,,,,,,
32660,0.0,0.0,100.0,0.0,0.0,0.0,0.0
163734,,,,,,,
49046,0.0,0.0,0.0,0.0,0.0,0.0,100.0
65431,0.0,0.0,0.0,0.0,0.0,0.0,100.0
155546,,,,,,,
40857,,,,,,,
81816,0.0,0.0,0.0,0.0,0.0,0.0,100.0
171931,,,,,,,
98202,,,,,,,
73629,0.0,0.0,0.0,0.0,0.0,0.0,100.0
147358,9.523809523809524,0.0,0.0,0.0,0.0,0.0,90.47619047619048
16285,,,,,,,
8096,0.0,0.0,44.44444444444444,0.0,22.22222222222222,0.0,33.333333333333336
139170,,,,,,,
130981,0.4032258064516129,0.0,0.0,0.0,0.0,0.0,99.59677419354838
106407,62.01117318435754,0.0,0.0,0.0,16.75977653631285,0.0,21.22905027932961
114603,0.0,0.0,0.0,0.0,0.0,0.0,100.0
98220,,,,,,,
49073,0.0,0.0,0.0,0.0,0.0,0.0,100.0
32704,,,,,,,
73665,,,,,,,
40900,0.0,0.0,0.0,0.0,0.0,100.0,0.0
81861,,,,,,,
65477,100.0,0.0,0.0,0.0,0.0,0.0,0.0
155591,,,,,,,
16329,0.0,0.0,100.0,0.0,0.0,0.0,0.0
24524,0.0,0.0,0.0,0.0,0.0,0.0,100.0
139214,0.0,0.0,0.0,0.0,0.0,0.0,100.0
122828,,,,,,,
163789,0.0,0.0,0.0,0.0,0.0,0.0,100.0
98257,,,,,,,
90066,,,,,,,
171995,,,,,,,
106461,,,,,,,
65501,,,,,,,
8158,0.0,0.0,0.0,0.0,100.0,0.0,0.0
40928,0.0,0.0,0.0,0.0,0.0,0.0,100.0
57314,0.0,0.0,100.0,0.0,0.0,0.0,0.0
73709,0.0,0.0,0.0,0.0,0.0,0.0,100.0
16365,,,,,,,
139250,,,,,,,
122864,0.0,0.0,0.0,0.0,0.0,0.0,100.0
163832,,,,,,,
40955,89.88764044943821,0.0,0.0,0.0,0.0,0.0,10.112359550561798
131069,0.0,0.0,0.0,0.0,0.0,30.0,70.0
98300,0.0,0.0,0.0,100.0,0.0,0.0,0.0
