Siruta,Localitate,2008,2009,2010,2011,2012,2013,2014,2015,2016,2017,2018,2019,2020,2021
3397,Blandiana,0.2406,0.24268,0.13994,0.16815,0.19027,0.19834,0.12407,0.12404,0.16195,0.08761,0.0,0.0,0.0,0.0
3841,Ceru-Bacainti,0.27042,0.0,0.0,0.0,0.0,0.0,0.0,0.0,0.0,0.0,0.0,0.0,0.3312,0.0
4981,Intregalde,0.12483,0.0,0.0,0.0,0.0,0.0,0.0587,0.0,0.07018,0.08761,0.09324,0.0,0.10486,0.03485
6119,Ocolis,0.0,0.0,0.16203,0.0992,0.15766,0.23637,0.20793,0.25224,0.23479,0.19474,0.16455,0.21777,0.30914,0.25752
6164,Ohaba,0.0,0.0,0.0,0.0,0.14898,0.12313,0.10952,0.19359,0.19605,0.15262,0.19763,0.23599,0.24071,0.21482
6397,Ponor,0.0,0.0,0.18904,0.07798,0.13524,0.12407,0.09917,0.14886,0.07018,0.0702,0.07022,0.07796,0.08761,0.07018
6627,Ramet,0.16187,0.16415,0.10802,0.0,0.17125,0.17117,0.2328,0.22228,0.29953,0.26999,0.21604,0.11863,0.14392,0.26663
11307,Ignesti,0.0,0.0,0.14894,0.14165,0.11225,0.17773,0.11739,0.10305,0.09915,0.09378,0.11837,0.11461,0.0,0.0
11762,Plescuta,0.0991,0.10786,0.0,0.07467,0.06299,0.07557,0.1399,0.10797,0.10797,0.17117,0.25082,0.26999,0.20756,0.19353
14726,Botesti,0.05431,0.0,0.0,0.0,0.078,0.16199,0.09917,0.19239,0.13219,0.19382,0.20313,0.1503,0.24665,0.29897
15554,Ciomagesti,0.10791,0.10786,0.10802,0.0,0.0,0.09917,0.1489,0.16038,0.18198,0.23128,0.20175,0.21177,0.19017,0.24114
20048,Raca,0.0,0.09905,0.08764,0.14894,0.20727,0.13517,0.22234,0.24141,0.20711,0.24316,0.24323,0.20756,0.22033,0.15236
21891,Colonesti,0.0,0.0,0.0,0.08764,0.0,0.0,0.0,0.0,0.08251,0.11241,0.12496,0.05435,0.04746,0.07556
23868,Oncesti,0.10791,0.0,0.0992,0.07798,0.0,0.0,0.0,0.2075,0.23631,0.27533,0.32236,0.33254,0.31115,0.32483
25629,Strugari,0.0,0.14787,0.1644,0.17121,0.09922,0.16199,0.20717,0.20711,0.25327,0.21061,0.21067,0.15758,0.2328,0.24254
25745,Tatarasti,0.07015,0.08243,0.13383,0.1494,0.14181,0.14034,0.13985,0.1318,0.10278,0.03816,0.06637,0.11269,0.0,0.07218
32768,Budesti,0.0,0.0,0.05436,0.0,0.0,0.0,0.0,0.0,0.0,0.10799,0.10802,0.26999,0.28679,0.24254
34422,Silivasu De Campie,0.0991,0.16415,0.1352,0.07798,0.07023,0.14026,0.11461,0.05869,0.06388,0.11461,0.06391,0.0,0.13399,0.16999
36907,Cristesti,0.16776,0.17095,0.0,0.0,0.078,0.21467,0.2463,0.23111,0.20344,0.24745,0.24207,0.16115,0.16951,0.30958
37100,Dobarceni,0.0,0.0,0.0,0.0,0.0,0.0,0.0,0.0,0.0944,0.06145,0.17099,0.15787,0.1294,0.17518
37173,Draguseni,0.10596,0.0,0.0,0.05436,0.0,0.08761,0.0702,0.07018,0.10559,0.09129,0.10768,0.13535,0.09617,0.09614
37397,George Enescu,0.0,0.0,0.10708,0.16022,0.13524,0.19043,0.16555,0.19158,0.18103,0.17819,0.21073,0.20874,0.23211,0.271
38376,Mitoc,0.17104,0.10786,0.06391,0.0,0.0,0.0,0.0,0.0,0.0,0.07796,0.10488,0.1489,0.21392,0.19704
38456,Nicseni,0.06385,0.0,0.0,0.0,0.0,0.10799,0.0,0.0,0.0,0.0,0.1644,0.15646,0.20478,0.19353
38544,Pomarla,0.18537,0.14679,0.15184,0.1403,0.14705,0.0,0.0,0.24652,0.24442,0.22306,0.28224,0.21968,0.27317,0.27228
39220,Stiubieni,0.0991,0.0,0.10802,0.10802,0.0,0.0,0.16436,0.10797,0.23722,0.19897,0.23621,0.2277,0.23211,0.26117
39532,Unteni,0.0,0.0,0.10488,0.20428,0.14604,0.18202,0.17903,0.19556,0.28186,0.2897,0.24833,0.24267,0.27328,0.25299
39658,Viisoara,0.05866,0.06382,0.0,0.0,0.078,0.09917,0.0,0.10797,0.0,0.0,0.0992,0.07796,0.1489,0.22228
39959,Dimacheni,0.0,0.0,0.0,0.0,0.0,0.0,0.0,0.29867,0.30519,0.30992,0.0,0.0,0.0,0.33757
39975,Cosula,0.14794,0.2073,0.0,0.0992,0.09922,0.0702,0.10486,0.16857,0.16807,0.23728,0.26067,0.16437,0.17946,0.18699
39983,Blandesti,0.10373,0.12923,0.14177,0.08675,0.0,0.12313,0.09917,0.23349,0.15726,0.0882,0.09842,0.04557,0.04981,0.1403
40035,Adaseni,0.27042,0.0,0.0,0.28331,0.2852,0.0,0.0,0.0,0.0,0.0,0.0,0.0,0.0,0.0
42472,Holbav,0.24128,0.24268,0.1644,0.1644,0.20766,0.24147,0.0,0.16857,0.16038,0.10213,0.14894,0.20562,0.22443,0.21127
42771,Surdila-Greci,0.0334,0.02164,0.10802,0.0,0.0,0.09517,0.10213,0.08213,0.05791,0.09997,0.06288,0.06641,0.07261,0.0901
43117,Frecatei,0.0991,0.09905,0.0992,0.17121,0.09922,0.0,0.09917,0.16195,0.11665,0.11423,0.15253,0.13615,0.22413,0.2666
43698,Racovita,0.0,0.0,0.0,0.0,0.0,0.0,0.0,0.0,0.0,0.0,0.0,0.0,0.0,0.10797
43812,Rosiori,0.0,0.10472,0.17627,0.23494,0.28074,0.25964,0.19912,0.18219,0.10541,0.08703,0.15021,0.20581,0.22207,0.26801
43867,Salcia Tudor,0.0,0.0,0.08764,0.15329,0.24055,0.28643,0.31171,0.30218,0.2759,0.23918,0.21187,0.27192,0.26772,0.27153
44462,Visani,0.0,0.09905,0.16815,0.19584,0.20315,0.18989,0.22981,0.23121,0.29588,0.30475,0.31691,0.31598,0.32993,0.32924
47818,Murgesti,0.0,0.0,0.0,0.0,0.0,0.0,0.0,0.0,0.09915,0.17117,0.16203,0.16436,0.0702,0.0
48021,Odaile,0.0,0.0,0.0,0.0,0.0,0.0,0.0,0.07794,0.14802,0.19897,0.14809,0.16702,0.16025,0.07385
48165,Pardosi,0.27042,0.26919,0.0,0.0,0.0,0.0,0.0,0.0,0.0,0.0,0.0,0.0,0.0,0.0
48922,Racoviteni,0.17889,0.18747,0.19946,0.21604,0.26141,0.26671,0.26068,0.247,0.0,0.17117,0.20761,0.21061,0.19834,0.19513
50068,Valea Salciei,0.0341,0.05906,0.03413,0.06115,0.05048,0.03633,0.0,0.01753,0.0,0.0,0.0,0.03256,0.05525,0.05927
51984,Ciuchici,0.1543,0.19663,0.16203,0.16107,0.14033,0.09917,0.0,0.0,0.0,0.17117,0.20761,0.21599,0.19358,0.19225
52035,Ciudanovita,0.16187,0.0,0.0,0.05872,0.0,0.07387,0.12493,0.09954,0.10483,0.0,0.0,0.0,0.0,0.0
52062,Copacele,0.0,0.0,0.15487,0.14734,0.06393,0.10799,0.20756,0.14802,0.17971,0.17976,0.25986,0.28528,0.29434,0.29426
52856,Forotic,0.0,0.0,0.0,0.14313,0.10645,0.21107,0.19178,0.22862,0.22394,0.29144,0.24041,0.26851,0.27701,0.25827
52954,Goruia,0.21582,0.09905,0.0,0.14601,0.16974,0.08761,0.16528,0.20575,0.15642,0.23998,0.19235,0.25334,0.1399,0.23122
53327,Mehadica,0.0,0.0,0.2803,0.0,0.0,0.10799,0.10799,0.0,0.0,0.10799,0.0,0.10799,0.0,0.16195
54537,Vermes,0.0,0.0,0.0,0.0,0.08257,0.0,0.10799,0.15768,0.15327,0.0702,0.18505,0.19221,0.18098,0.22356
54573,Vrani,0.13388,0.11447,0.07022,0.14601,0.15654,0.18108,0.23166,0.21104,0.16252,0.1532,0.2223,0.0702,0.0,0.0
55623,Alunis,0.2074,0.16415,0.1644,0.0,0.0,0.13223,0.27034,0.18062,0.27586,0.19833,0.19255,0.23417,0.20059,0.16409
61005,Aliman,0.0,0.23254,0.1866,0.16381,0.20303,0.22512,0.19867,0.28391,0.22849,0.21946,0.24273,0.27435,0.32714,0.29995
61808,Garliciu,0.0991,0.0,0.0,0.17708,0.06692,0.10486,0.08761,0.08759,0.12404,0.15646,0.24153,0.27916,0.26128,0.28576
63161,Dumbraveni,0.10791,0.10786,0.0,0.0992,0.0,0.0,0.0,0.0,0.1614,0.0702,0.0992,0.0,0.0,0.0
64265,Dobarlau,0.08755,0.0,0.08764,0.14809,0.2243,0.18928,0.221,0.19935,0.27909,0.31889,0.35069,0.33702,0.32098,0.31237
65099,Valea Mare,0.0,0.0,0.14568,0.10565,0.1348,0.13294,0.13517,0.14886,0.19717,0.16789,0.14282,0.1489,0.2426,0.23722
68976,Uliesti,0.16187,0.19871,0.0,0.0,0.10805,0.03705,0.06814,0.11448,0.15988,0.23152,0.27796,0.29948,0.33448,0.34288
70968,Botosesti-Paia,0.27042,0.26919,0.2803,0.0,0.10805,0.10799,0.0,0.10797,0.16195,0.23826,0.1926,0.2642,0.2642,0.24293
70986,Brabova,0.19316,0.18747,0.25169,0.24153,0.16444,0.10486,0.2328,0.15754,0.2075,0.15758,0.0,0.13517,0.07796,0.17709
71723,Cernatesti,0.0,0.10786,0.10802,0.1031,0.15188,0.09917,0.14026,0.15499,0.22764,0.24328,0.24745,0.24328,0.2744,0.20844
72604,Gogosu,0.0,0.0,0.0,0.0,0.0,0.0,0.0,0.0,0.0,0.0,0.10488,0.1518,0.1489,0.09915
72882,Izvoare,0.0,0.10786,0.0992,0.10802,0.17125,0.17117,0.10799,0.15642,0.10797,0.12838,0.16755,0.13399,0.2048,0.21546
74108,Seaca De Camp,0.10791,0.14787,0.20761,0.20722,0.0,0.0,0.0,0.09915,0.09915,0.10799,0.10488,0.0702,0.19579,0.13987
74171,Secu,0.16776,0.0875,0.19151,0.22935,0.20533,0.1625,0.17499,0.10963,0.16184,0.10306,0.09875,0.07558,0.0,0.14802
74224,Silistea Crucii,0.0,0.04649,0.17957,0.13137,0.10712,0.07549,0.05407,0.05434,0.08559,0.11307,0.18743,0.19472,0.14374,0.16048
74705,Verbita,0.0,0.0,0.0,0.0,0.0,0.0,0.0,0.0,0.0,0.10799,0.10802,0.16199,0.16199,0.20575
74732,Vartop,0.17889,0.15441,0.10802,0.0992,0.0,0.27232,0.11948,0.14282,0.1524,0.16474,0.21648,0.18406,0.18394,0.21518
74867,Carna,0.0,0.0,0.18993,0.1031,0.12413,0.09439,0.14667,0.14594,0.09033,0.11241,0.1226,0.12407,0.3074,0.28407
74931,Plesoi,0.0,0.0,0.0,0.08822,0.0,0.09917,0.15758,0.19746,0.16429,0.10307,0.13226,0.18206,0.18026,0.21575
74956,Talpas,0.10632,0.10626,0.0,0.10643,0.10805,0.0,0.06118,0.09319,0.0,0.0,0.0,0.12407,0.09917,0.07794
75542,Balabanesti,0.0,0.10786,0.17121,0.10802,0.0,0.10799,0.19897,0.18144,0.13513,0.20303,0.09324,0.10065,0.21681,0.10447
75686,Baneasa,0.0779,0.0,0.0,0.0,0.14033,0.1489,0.11834,0.24029,0.22005,0.23894,0.24812,0.24418,0.22098,0.20193
76638,Jorasti,0.0,0.0,0.06304,0.04537,0.06306,0.07718,0.07122,0.05733,0.06964,0.04804,0.06013,0.09577,0.10378,0.13204
77126,Scanteiesti,0.15726,0.13206,0.0,0.10585,0.18956,0.16023,0.16916,0.16621,0.18741,0.24362,0.28119,0.28834,0.28543,0.26465
77561,Radesti,0.0,0.0,0.0,0.07798,0.06393,0.08761,0.0702,0.07018,0.07794,0.09917,0.14809,0.17976,0.19897,0.18894
77587,Poiana,0.0991,0.0,0.0,0.0,0.0,0.0,0.10799,0.16807,0.23722,0.21294,0.19995,0.18956,0.11472,0.16546
78828,Barbatesti,0.20703,0.22247,0.28068,0.20123,0.24315,0.15344,0.16733,0.15768,0.11145,0.19043,0.13041,0.19661,0.1022,0.0
80427,Godinesti,0.1391,0.10024,0.09324,0.07588,0.13193,0.09917,0.0,0.10797,0.17112,0.09917,0.18904,0.27705,0.19834,0.2222
85467,Sacel,0.0779,0.0,0.1644,0.07798,0.0,0.0,0.0,0.0,0.16038,0.12493,0.0612,0.08073,0.0,0.10797
88216,Batrana,0.27042,0.26919,0.2803,0.28331,0.2852,0.28874,0.29111,0.29867,0.30519,0.30992,0.0,0.10799,0.10799,0.10797
88920,Bulzestii De Sus,0.0,0.0,0.0,0.0,0.0,0.0,0.0,0.0,0.0,0.0,0.0,0.0,0.0,0.0
89026,Bunila,0.0,0.0,0.0,0.10802,0.10805,0.0,0.0,0.0,0.0,0.10799,0.10802,0.0,0.0,0.09915
89080,Burjuc,0.0,0.0,0.0,0.0992,0.0,0.09917,0.08761,0.0,0.08759,0.13517,0.14568,0.10677,0.10604,0.10602
89151,Cerbal,0.0,0.0,0.0,0.10488,0.14286,0.19897,0.19897,0.15754,0.09915,0.18202,0.18933,0.1933,0.16965,0.21153
90066,Lelese,0.0991,0.0,0.0,0.0,0.0,0.0,0.0587,0.06388,0.07794,0.0639,0.10802,0.0,0.0,0.0
91447,Tomesti,0.0,0.0,0.0,0.0,0.0,0.0,0.0,0.0,0.0,0.20756,0.21604,0.17117,0.16199,0.16195
96664,Cucuteni,0.0,0.0,0.0,0.0,0.0,0.0,0.0,0.0,0.0,0.0,0.0,0.0,0.10799,0.17112
96717,Dagata,0.17104,0.10786,0.0,0.0,0.0,0.0,0.0,0.0,0.0,0.0,0.0,0.16436,0.19897,0.23274
97553,Ipatele,0.0991,0.15627,0.07798,0.10558,0.10259,0.13312,0.05435,0.0,0.08414,0.1071,0.13027,0.07326,0.14432,0.13555
97777,Madarjac,0.0991,0.10472,0.0992,0.0,0.09922,0.0,0.0,0.0,0.0,0.0,0.0,0.0,0.0,0.0
98202,Mosna,0.13213,0.12477,0.05872,0.0,0.13405,0.18861,0.17916,0.15726,0.13612,0.16217,0.15174,0.09899,0.19688,0.19377
100282,Costesti,0.0,0.0,0.0,0.10157,0.07023,0.0978,0.12313,0.11238,0.09348,0.04469,0.09353,0.05065,0.21388,0.17398
100308,Draguseni,0.0,0.0,0.0,0.0992,0.09922,0.10799,0.10799,0.10797,0.10797,0.0,0.0,0.10799,0.20717,0.21056
100317,Fantanele,0.0,0.0,0.0,0.0,0.0,0.0,0.0,0.12404,0.0,0.0,0.0,0.10799,0.14309,0.18466
100344,Roscani,0.103,0.10626,0.15507,0.13994,0.20791,0.18623,0.15623,0.08251,0.10797,0.0,0.0,0.0,0.0,0.09915
101243,Brazii,0.0,0.05428,0.0447,0.01858,0.06638,0.05207,0.06025,0.06158,0.03371,0.05836,0.07513,0.07644,0.09863,0.04008
101519,Bulbucata,0.0,0.10786,0.0992,0.08255,0.14979,0.03816,0.03093,0.09473,0.16794,0.19577,0.19399,0.27346,0.3079,0.33312
103568,Gurbanesti,0.0321,0.02537,0.0,0.02068,0.01937,0.0,0.056,0.07512,0.04716,0.10601,0.09138,0.10017,0.11951,0.19242
104975,Schitu,0.0,0.0,0.11374,0.07853,0.17928,0.22309,0.25851,0.23546,0.2426,0.19761,0.24667,0.22652,0.28629,0.30497
107190,Basesti,0.16187,0.07011,0.10802,0.0,0.23113,0.28193,0.19978,0.23793,0.26009,0.27624,0.27014,0.26584,0.19103,0.27225
107234,Bicaz,0.0779,0.0875,0.0,0.0,0.09922,0.09917,0.0,0.10483,0.16432,0.17117,0.21067,0.21328,0.24826,0.24628
108366,Oarta De Jos,0.11452,0.18875,0.16203,0.10802,0.0,0.0,0.0,0.16408,0.28146,0.22532,0.24901,0.22471,0.29862,0.29525
110571,Bacles,0.13213,0.09905,0.19606,0.12519,0.0,0.09917,0.04009,0.0,0.07637,0.1153,0.10541,0.17124,0.20421,0.20684
110688,Balvanesti,0.0,0.05058,0.12496,0.06391,0.14959,0.14805,0.16528,0.20164,0.20742,0.18928,0.21183,0.12407,0.16436,0.09915
111220,Ciresu,0.0,0.0,0.0,0.0,0.0,0.0,0.0,0.0,0.0,0.0,0.10802,0.0,0.10799,0.13513
111417,Corlatel,0.0,0.09905,0.08764,0.17121,0.10805,0.09917,0.09917,0.17112,0.17112,0.17117,0.1798,0.15623,0.12367,0.05064
111587,Dumbrava,0.27042,0.0,0.0,0.0,0.2852,0.0,0.0,0.08759,0.0,0.0,0.0,0.0,0.0,0.0
111818,Godeanu,0.0,0.0,0.0,0.0,0.04749,0.03942,0.0,0.0,0.0,0.0,0.0,0.10799,0.10799,0.16195
111916,Greci,0.13213,0.0,0.21604,0.18207,0.18605,0.18596,0.19834,0.20066,0.247,0.18108,0.23218,0.2078,0.2078,0.18103
111989,Grozesti,0.0,0.0,0.0,0.0,0.0,0.0,0.0,0.0,0.0,0.0,0.10738,0.10582,0.09917,0.15176
112600,Livezile,0.0,0.08243,0.0802,0.10565,0.06917,0.06914,0.11429,0.12718,0.15695,0.12347,0.15496,0.19361,0.11028,0.13395
112771,Oprisor,0.1734,0.1593,0.16996,0.18031,0.14033,0.10799,0.08253,0.0,0.15754,0.09917,0.14601,0.26068,0.24707,0.21837
112806,Padina,0.0,0.0,0.07798,0.1241,0.1323,0.14026,0.19017,0.2291,0.21434,0.19897,0.16203,0.21177,0.25437,0.30688
112959,Podeni,0.0,0.0,0.0,0.0992,0.0,0.08761,0.1064,0.10483,0.08759,0.08761,0.10802,0.16199,0.16199,0.2075
113153,Poroina Mare,0.0,0.0,0.2803,0.0,0.0,0.0,0.0,0.02616,0.06598,0.05044,0.14809,0.09917,0.17117,0.10797
113395,Punghina,0.0,0.0,0.0,0.14894,0.14033,0.17117,0.10799,0.1065,0.12404,0.1064,0.13226,0.10653,0.0587,0.15176
113518,Stangaceaua,0.17104,0.0,0.0992,0.07798,0.08766,0.07796,0.10799,0.0,0.0,0.0,0.0,0.0,0.0,0.0
113732,Tamna,0.16423,0.22206,0.19902,0.1644,0.16444,0.20717,0.17117,0.08759,0.07794,0.0,0.0,0.0702,0.18899,0.24141
113894,Vanjulet,0.0,0.0,0.08764,0.1352,0.08766,0.0,0.0,0.0,0.08759,0.08761,0.10488,0.2328,0.15646,0.10797
113974,Voloiac,0.15319,0.15738,0.14701,0.10643,0.09922,0.09321,0.0639,0.04008,0.0,0.0,0.0,0.0,0.0587,0.0
114060,Branistea,0.0,0.09905,0.16203,0.0992,0.0,0.14805,0.12407,0.16722,0.26551,0.26999,0.18933,0.14698,0.16687,0.1176
114079,Vrata,0.0,0.0,0.0,0.0,0.078,0.0,0.12838,0.16432,0.20575,0.26801,0.29441,0.24147,0.16199,0.16195
115600,Bala,0.10478,0.0875,0.0,0.0,0.0,0.0,0.0,0.0,0.0,0.10799,0.10802,0.10799,0.1064,0.107
116224,Cozma,0.0,0.10786,0.08764,0.07798,0.10805,0.10799,0.10799,0.10797,0.10797,0.0,0.0,0.10799,0.09917,0.10797
116340,Craiesti,0.02692,0.01611,0.0,0.00848,0.02741,0.03045,0.03256,0.04481,0.05385,0.04399,0.03327,0.03887,0.04606,0.04339
118511,Neaua,0.0779,0.0,0.0,0.0,0.0,0.0,0.04469,0.08818,0.14882,0.14805,0.0,0.0,0.0,0.0
118637,Papiu Ilarian,0.08755,0.0875,0.0,0.0,0.0,0.07796,0.08761,0.09915,0.09319,0.08253,0.09324,0.16199,0.20717,0.24293
119858,Taureni,0.11535,0.08209,0.09196,0.0,0.04011,0.03276,0.03093,0.03909,0.07446,0.13708,0.13916,0.14511,0.15268,0.08414
120174,Vetca,0.0,0.0,0.10488,0.14601,0.0,0.0,0.0,0.0,0.0,0.0,0.0,0.0,0.10799,0.09915
120218,Viisoara,0.05866,0.0875,0.0992,0.10643,0.10645,0.15503,0.10307,0.0,0.0,0.04746,0.0,0.0835,0.12367,0.16721
123255,Oniceni,0.20237,0.20397,0.20323,0.12596,0.1194,0.09677,0.0,0.0,0.0,0.0,0.05066,0.04469,0.08095,0.12513
124331,Stanita,0.24688,0.19809,0.25082,0.25443,0.2353,0.23434,0.23755,0.20711,0.10637,0.0,0.10802,0.20422,0.15646,0.13987
124885,Valea Ursului,0.1642,0.19871,0.14894,0.0,0.0,0.0,0.0,0.10797,0.0,0.08761,0.10643,0.08761,0.03486,0.07584
125114,Ghindaoani,0.14686,0.10472,0.0,0.0,0.0,0.0,0.0587,0.1065,0.11458,0.0,0.10656,0.19125,0.21467,0.25478
125132,Draganesti,0.10791,0.0,0.0,0.0,0.0,0.0,0.0,0.0,0.13395,0.13798,0.13402,0.16119,0.19071,0.21068
125141,Pancesti,0.0,0.0,0.0,0.0,0.0,0.09917,0.0,0.0,0.0,0.0,0.0,0.0,0.0,0.0
125178,Boghicea,0.12828,0.13717,0.18154,0.18862,0.12356,0.14539,0.15238,0.0,0.03815,0.04225,0.14297,0.1493,0.12368,0.1319
125490,Draghiceni,0.0991,0.05863,0.05872,0.0,0.0,0.0,0.0,0.06687,0.08414,0.12523,0.18702,0.18178,0.24394,0.21236
125588,Garcov,0.0,0.0,0.0,0.0,0.14033,0.14493,0.185,0.19683,0.20116,0.1294,0.28033,0.28263,0.29795,0.30237
125757,Barasti,0.0,0.0,0.0,0.05872,0.08257,0.12493,0.14026,0.18198,0.19717,0.20612,0.20339,0.20815,0.18785,0.1878
126825,Dobrun,0.0,0.26919,0.0,0.0,0.0,0.0,0.0,0.0,0.0,0.03816,0.16221,0.19757,0.20403,0.22417
126905,Fagetelu,0.0,0.09905,0.18601,0.10706,0.08766,0.08761,0.08761,0.08759,0.08759,0.15758,0.23621,0.24799,0.20198,0.22046
127411,Leleasca,0.10791,0.09905,0.11243,0.10708,0.09922,0.0,0.10799,0.12489,0.13987,0.18108,0.1673,0.20198,0.14279,0.10797
128301,Poboru,0.0,0.0,0.0,0.10802,0.10805,0.0,0.10703,0.23904,0.233,0.18141,0.23575,0.23128,0.22188,0.232
128882,Samburesti,0.0779,0.05428,0.0,0.0,0.0,0.0,0.0,0.0,0.0,0.08761,0.0,0.1064,0.0,0.0
129317,Tatulesti,0.1293,0.0,0.0,0.05436,0.12124,0.06118,0.13318,0.12115,0.14594,0.17302,0.16107,0.19941,0.20911,0.22868
129503,Topana,0.10791,9e-05,0.10802,0.0992,0.0,0.0,0.10799,0.2075,0.17112,0.17117,0.1644,0.18899,0.16811,0.16195
130348,Ipotesti,0.0,0.0,0.0,0.0,0.08766,0.09917,0.10799,0.15642,0.0,0.0,0.12526,0.04225,0.04009,0.04745
130384,Soparlita,0.0,0.0,0.0,0.0,0.078,0.1489,0.1489,0.13513,0.08759,0.14805,0.20585,0.12407,0.16992,0.17369
132137,Aricestii Zeletin,0.10645,0.0,0.09324,0.0,0.0,0.0,0.0,0.0,0.05869,0.18026,0.17469,0.26044,0.21467,0.27562
132459,Calugareni,0.14016,0.07011,0.10488,0.0992,0.0,0.0,0.0,0.0,0.0,0.16199,0.10708,0.11042,0.1022,0.13352
133866,Jugureni,0.0991,0.0,0.0,0.10488,0.0,0.0,0.0,0.09915,0.10483,0.05435,0.05872,0.12493,0.09517,0.21806
135681,Tataru,0.0,0.0875,0.08764,0.08764,0.10491,0.10799,0.10799,0.15754,0.15754,0.13223,0.10954,0.12411,0.1354,0.15212
137363,Cehal,0.13238,0.08469,0.09324,0.08764,0.10805,0.16436,0.09917,0.08759,0.18894,0.14026,0.16203,0.14805,0.07796,0.0
141027,Dragu,0.0,0.0,0.0,0.0,0.0,0.10799,0.0,0.0,0.0,0.0,0.0,0.16836,0.25604,0.21618
141081,Fildu De Jos,0.06909,0.15327,0.0,0.15505,0.24632,0.24928,0.24896,0.25056,0.20122,0.21598,0.2946,0.33348,0.33218,0.33909
141884,Lozna,0.0,0.0,0.0,0.07389,0.08766,0.09917,0.10799,0.10797,0.0,0.0,0.10802,0.16199,0.12367,0.09348
144376,Bradeni,0.0779,0.0,0.0,0.0,0.0,0.0,0.0,0.10553,0.14275,0.0702,0.20585,0.21139,0.20169,0.2218
144866,Ludos,0.19819,0.19871,0.07022,0.07022,0.0,0.0,0.07796,0.13513,0.12404,0.0,0.0,0.1489,0.16019,0.09319
145042,Mihaileni,0.06385,0.06382,0.0,0.0,0.0,0.0,0.0,0.06388,0.0,0.10799,0.0,0.10703,0.15758,0.08759
145961,Valea Viilor,0.0,0.02164,0.137,0.1573,0.1743,0.1422,0.16789,0.14907,0.1637,0.12364,0.21017,0.22377,0.23125,0.23312
150221,Siminicea,0.20764,0.17167,0.1673,0.11837,0.11467,0.0702,0.0,0.07385,0.12309,0.15142,0.25557,0.29778,0.27028,0.30102
151521,Burla,0.0,0.0,0.0,0.10558,0.09326,0.03643,0.09351,0.13896,0.14136,0.2005,0.24857,0.24334,0.25165,0.22636
152314,Bujoru,0.10509,0.10041,0.03019,0.01224,0.0,0.09966,0.14125,0.19325,0.24123,0.11372,0.11374,0.17444,0.15376,0.22252
152724,Didesti,0.08755,0.0,0.0,0.0,0.0,0.0,0.0,0.0,0.0,0.0,0.0,0.10799,0.21061,0.16432
152797,Dracsenei,0.0,0.0,0.1565,0.18394,0.10805,0.10799,0.16836,0.04468,0.03342,0.09378,0.15507,0.13399,0.11371,0.08584
153384,Mosteni,0.16423,0.07011,0.16534,0.16203,0.14813,0.20388,0.20198,0.20669,0.05064,0.04746,0.04226,0.04009,0.0,0.14006
153437,Necsesti,0.0,0.0,0.0,0.0,0.0,0.0,0.0,0.0,0.0,0.0,0.10802,0.10799,0.10799,0.08759
153909,Rasmiresti,0.14918,0.08243,0.06391,0.03643,0.0,0.07387,0.0,0.0,0.05869,0.13223,0.15627,0.11461,0.11461,0.05434
153972,Saceni,0.0,0.0,0.1403,0.20313,0.20582,0.19992,0.2023,0.20416,0.21361,0.19314,0.23051,0.27016,0.28762,0.23039
154736,Traian,0.18847,0.14787,0.14601,0.10768,0.10491,0.0,0.09917,0.07018,0.16988,0.08253,0.0,0.05435,0.14303,0.09614
154932,Vartoape,0.0,0.09905,0.1241,0.22228,0.23767,0.1857,0.19927,0.20237,0.19897,0.24789,0.23877,0.24638,0.23063,0.24756
156151,Brestovat,0.0,0.09905,0.10802,0.10488,0.1605,0.20706,0.19017,0.16038,0.22511,0.19941,0.28365,0.27078,0.24707,0.26944
158608,Secas,0.0334,0.04597,0.0,0.0,0.0,0.0,0.08655,0.09674,0.10426,0.15991,0.2033,0.15758,0.14895,0.16873
159847,Beidaud,0.0,0.05058,0.09151,0.1317,0.21271,0.19993,0.20101,0.14382,0.13867,0.11735,0.10232,0.10558,0.1448,0.16426
160047,Ceatalchioi,0.07382,0.0,0.09395,0.1061,0.04749,0.0,0.0,0.0,0.08759,0.13223,0.05872,0.12407,0.09917,0.10477
160458,Grindu,0.27042,0.26919,0.0,0.0,0.0,0.0,0.0,0.0,0.0,0.0,0.0,0.0,0.0,0.0
161133,Pardina,0.0,0.0,0.0,0.0,0.0,0.0,0.0,0.0,0.0,0.0,0.0,0.07796,0.0,0.07794
161525,I.c.bratianu,0.0,0.10786,0.10802,0.10802,0.0,0.10799,0.10799,0.10797,0.10797,0.10799,0.08764,0.08761,0.0,0.11871
162452,Balteni,0.0,0.0,0.0,0.0447,0.09622,0.1064,0.14597,0.16303,0.14299,0.17093,0.2167,0.27359,0.27255,0.29394
162595,Bogdana,0.0,0.0,0.0,0.0,0.0,0.0,0.0,0.0,0.07794,0.1933,0.19335,0.19017,0.20756,0.21776
162791,Bogdanita,0.27042,0.26919,0.0,0.0,0.0,0.0,0.0,0.0,0.0,0.08761,0.0992,0.09917,0.0,0.17112
163208,Cretesti,0.2321,0.19905,0.21569,0.19409,0.1183,0.1857,0.181,0.17639,0.15426,0.0,0.0,0.04746,0.15758,0.20905
163253,Danesti,0.12397,0.12391,0.0,0.0447,0.16886,0.13517,0.13517,0.13987,0.14136,0.17713,0.13226,0.22035,0.21467,0.22092
163903,Gagesti,0.0,0.0,0.0,0.09959,0.138,0.13985,0.16549,0.1349,0.15041,0.14898,0.18144,0.22763,0.26097,0.23951
163967,Gherghesti,0.0,0.0,0.0,0.0,0.09922,0.08761,0.0587,0.0,0.15031,0.14805,0.15762,0.13223,0.18899,0.22976
164277,Dimitrie Cantemir,0.19343,0.14787,0.17121,0.0,0.0,0.0,0.10799,0.0,0.14802,0.14805,0.19363,0.22982,0.23672,0.2541
164829,Malusteni,0.0,0.10786,0.0,0.0,0.09922,0.0,0.08761,0.08759,0.0,0.0,0.08764,0.16199,0.15646,0.16432
165130,Osesti,0.10791,0.0,0.20394,0.1403,0.14898,0.16528,0.10799,0.10483,0.10483,0.0,0.0,0.0,0.10486,0.2128
165719,Rebricea,0.0,0.0,0.10802,0.1644,0.16207,0.09321,0.0702,0.19829,0.19263,0.18245,0.19235,0.1923,0.21972,0.25746
167222,Ibanesti,0.0991,0.0,0.10802,0.10802,0.0,0.0,0.0,0.0,0.0,0.0,0.0,0.10799,0.09917,0.07794
167231,Fruntiseni,0.0,0.0,0.07798,0.10488,0.15122,0.14414,0.11461,0.11458,0.08759,0.13223,0.06391,0.08761,0.11461,0.11458
167240,Rafaila,0.0,0.0,0.0,0.0,0.0,0.0,0.0,0.0,0.10305,0.10799,0.10802,0.15758,0.10213,0.10797
167268,Ciocani,0.08247,0.10472,0.10802,0.0,0.0,0.19941,0.27034,0.25572,0.26551,0.2642,0.22522,0.26666,0.2133,0.20045
167277,Cozmesti,0.04222,0.0,0.1352,0.05872,0.0,0.0,0.07796,0.14933,0.18385,0.22309,0.2369,0.23416,0.19676,0.21914
175126,Andreiasu De Jos,0.16807,0.0,0.1319,0.16534,0.15786,0.0639,0.05435,0.09348,0.11726,0.11729,0.15301,0.13582,0.16207,0.18721
175260,Boghesti,0.0,0.0,0.14809,0.19363,0.17125,0.10799,0.10799,0.08759,0.09915,0.16199,0.1644,0.10486,0.08761,0.08759
176551,Jitia,0.17104,0.16179,0.16203,0.1644,0.0,0.0,0.09917,0.08759,0.08759,0.09917,0.0,0.15646,0.18899,0.16807
177263,Poiana Cristei,0.0,0.0,0.0992,0.08764,0.09922,0.10486,0.0639,0.06388,0.16038,0.19282,0.10488,0.1064,0.16861,0.16961
179604,Poienile Izei,0.0,0.0,0.0992,0.03643,0.05372,0.21599,0.11461,0.13513,0.10797,0.0,0.09959,0.19153,0.206,0.23887
179793,Buesti,0.14586,0.10786,0.0,0.0,0.0,0.0,0.07796,0.16988,0.16683,0.15376,0.21953,0.17262,0.21969,0.16872
179917,Rau Alb,0.10791,0.0,0.08764,0.0992,0.09922,0.09917,0.09917,0.15754,0.15236,0.13906,0.13366,0.15152,0.15733,0.18413
179971,Colelia,0.10478,0.0,0.0781,0.07022,0.0,0.11461,0.1399,0.13037,0.11458,0.14026,0.18904,0.14805,0.13517,0.20045
179999,Moldoveni,0.0,0.0,0.0,0.0,0.0,0.0,0.0,0.0,0.0,0.0,0.10802,0.16199,0.20717,0.10797
180019,Sarateni,0.0,0.05636,0.06391,0.12957,0.11389,0.12757,0.20389,0.10434,0.12226,0.04655,0.06815,0.08849,0.10602,0.14497
180064,Barbulesti,0.09949,0.0,0.0,0.0,0.0,0.0,0.0,0.0,0.2075,0.16199,0.20761,0.09917,0.08761,0.08759
